update,global_step,episodes,win_rate,mean_return,mean_length,policy_loss,value_loss,entropy,approx_kl,clip_frac
1,1024,284,0.1937,0.489,3.585,-0.02543,14.16446,2.22498,0.01495,0.2878
2,2048,562,0.205,0.781,3.705,-0.02131,14.85715,2.22607,0.01781,0.2014
3,3072,848,0.2343,1.091,3.577,-0.0178,17.59272,2.15794,0.01235,0.103
4,4096,1104,0.1992,0.984,3.996,-0.02377,15.19945,2.14316,0.01507,0.2097
5,5120,1373,0.2677,1.825,3.81,-0.0115,21.97581,2.10363,0.01146,0.0916
6,6144,1650,0.2888,2.014,3.682,-0.02038,19.89842,2.07412,0.01199,0.1472
7,7168,1895,0.302,2.71,4.18,-0.02442,20.89704,1.95503,0.02541,0.1804
8,8192,2152,0.3424,3.136,4.0,-0.01634,24.18782,1.91741,0.01285,0.1489
9,9216,2405,0.4506,4.802,4.043,-0.00543,24.47159,1.84995,0.0083,0.1353
10,10240,2660,0.4157,4.255,4.02,-0.02034,24.6586,1.84558,0.01184,0.1677
11,11264,2900,0.3833,4.0,4.25,-0.01231,24.30442,1.85517,0.01064,0.0884
12,12288,3138,0.4664,5.319,4.324,-0.01299,24.15327,1.82056,0.01116,0.1191
13,13312,3383,0.3469,3.38,4.176,-0.0134,24.14536,1.84146,0.01051,0.1394
14,14336,3638,0.3765,3.655,4.008,-0.01554,24.07727,1.84462,0.00924,0.1062
15,15360,3894,0.4492,4.734,3.996,-0.0088,24.56507,1.76973,0.0088,0.1016
16,16384,4139,0.4204,4.494,4.188,-0.01248,23.97049,1.79876,0.00761,0.0845
17,17408,4387,0.3952,4.06,4.133,-0.01219,24.18144,1.76416,0.00908,0.085
18,18432,4625,0.4706,5.361,4.303,-0.01241,24.34739,1.72322,0.00968,0.0996
19,19456,4887,0.416,4.149,3.908,-0.01201,24.15866,1.70223,0.0107,0.1335
20,20480,5129,0.5248,6.107,4.236,-0.01103,23.42,1.65776,0.00904,0.1235
21,21504,5367,0.5084,5.903,4.277,-0.0075,23.84371,1.72799,0.01029,0.1021
22,22528,5618,0.4821,5.335,4.104,-0.01516,23.78478,1.73974,0.01034,0.1248
23,23552,5863,0.498,5.629,4.159,-0.00951,24.29478,1.6911,0.00799,0.0784
24,24576,6094,0.4892,5.792,4.455,-0.01528,23.40211,1.69835,0.00856,0.1001
25,25600,6334,0.4542,5.058,4.246,-0.01765,23.89462,1.70451,0.01315,0.1794
26,26624,6581,0.498,5.623,4.154,-0.01586,23.38273,1.65598,0.01136,0.1797
27,27648,6823,0.4917,5.607,4.231,-0.00888,23.78874,1.58883,0.00416,0.0964
28,28672,7064,0.5685,6.772,4.245,-0.01515,22.57183,1.58075,0.00583,0.1494
29,29696,7304,0.5167,6.025,4.275,-0.01492,23.35621,1.57092,0.00798,0.1079
30,30720,7538,0.4658,5.359,4.372,-0.00951,23.7152,1.58239,0.00966,0.0728
31,31744,7780,0.5,5.74,4.24,-0.01146,22.71526,1.59005,0.01083,0.084
32,32768,8033,0.5217,5.874,4.047,-0.01247,21.86484,1.59093,0.01152,0.0967
33,33792,8266,0.5408,6.494,4.382,-0.01319,22.43727,1.50931,0.00843,0.1187
34,34816,8511,0.5469,6.392,4.188,-0.0114,22.20492,1.53413,0.00768,0.0952
35,35840,8744,0.5665,6.876,4.378,-0.01399,21.45068,1.46907,0.01485,0.1062
36,36864,8968,0.6429,8.241,4.598,-0.0129,19.70628,1.45988,0.01201,0.1079
37,37888,9217,0.4859,5.402,4.112,-0.00288,24.03517,1.55499,0.01046,0.1304
38,38912,9464,0.5344,6.15,4.134,-0.01298,22.12069,1.51732,0.00757,0.1167
39,39936,9708,0.541,6.324,4.209,-0.01242,21.87364,1.46463,0.00875,0.0962
40,40960,9951,0.5885,7.041,4.214,-0.01411,20.65693,1.43105,0.01112,0.123
41,41984,10181,0.5522,6.73,4.448,-0.0113,20.48487,1.43942,0.00669,0.0798
42,43008,10428,0.5466,6.344,4.146,-0.01133,20.90896,1.49534,0.00815,0.0962
43,44032,10662,0.5812,7.094,4.376,-0.01437,18.67324,1.36861,0.00989,0.1279
44,45056,10903,0.5602,6.647,4.245,-0.00946,19.69581,1.37891,0.00953,0.0964
45,46080,11150,0.583,6.891,4.146,-0.0141,19.3602,1.35388,0.01085,0.1509
46,47104,11399,0.5863,6.916,4.12,-0.01411,18.97093,1.39938,0.00604,0.1199
47,48128,11618,0.5662,7.155,4.662,-0.01005,19.07415,1.34929,0.01581,0.0959
48,49152,11849,0.619,7.706,4.42,-0.01284,18.37341,1.25794,0.01418,0.1018
49,50176,12097,0.6048,7.226,4.153,-0.01252,18.52994,1.3256,0.00737,0.1182
50,51200,12364,0.5955,6.764,3.831,-0.00966,18.71995,1.29068,0.00617,0.083
51,52224,12594,0.6261,7.848,4.457,-0.01288,17.66377,1.2768,0.01326,0.1082
52,53248,12834,0.6,7.263,4.263,-0.00982,18.97824,1.30575,0.01178,0.1006
53,54272,13085,0.6454,7.765,4.084,-0.014,17.7982,1.29225,0.02132,0.1323
54,55296,13333,0.5202,5.915,4.113,-0.00891,19.59402,1.29406,0.0108,0.0811
55,56320,13577,0.5861,6.996,4.205,-0.01118,19.4837,1.1958,0.00832,0.1001
56,57344,13808,0.5974,7.403,4.442,-0.01155,19.11311,1.18693,0.01449,0.0898
57,58368,14059,0.5976,7.044,4.08,-0.00996,19.70694,1.2503,0.01084,0.0847
58,59392,14296,0.6414,7.937,4.316,-0.01192,18.23666,1.19575,0.00769,0.0574
59,60416,14530,0.5769,7.021,4.368,-0.01079,18.73785,1.1682,0.01048,0.093
60,61440,14766,0.5805,7.051,4.343,-0.01008,17.42953,1.20114,0.01259,0.1221
61,62464,15017,0.5857,6.861,4.076,-0.00966,18.43628,1.18159,0.00895,0.0806
62,63488,15260,0.6255,7.588,4.206,-0.01371,17.18216,1.19429,0.01266,0.0933
63,64512,15509,0.6345,7.651,4.133,-0.01094,18.40282,1.18622,0.00908,0.1055
64,65536,15749,0.6625,8.204,4.267,-0.0155,16.57211,1.14185,0.01459,0.125
65,66560,15990,0.6432,7.892,4.245,-0.01125,17.60922,1.16178,0.00435,0.0781
66,67584,16227,0.6414,7.941,4.321,-0.01235,18.19794,1.15502,0.0101,0.0923
67,68608,16454,0.5991,7.489,4.502,-0.01336,18.96131,1.14669,0.01333,0.1084
68,69632,16695,0.6307,7.714,4.253,-0.00907,18.85973,1.15484,0.0135,0.1086
69,70656,16939,0.6721,8.275,4.193,-0.00986,17.41217,1.14215,0.00751,0.061
70,71680,17170,0.6753,8.571,4.442,-0.01562,16.04478,1.14599,0.00927,0.1604
71,72704,17403,0.6009,7.412,4.399,-0.00912,17.10282,1.11958,0.00765,0.0916
72,73728,17636,0.6524,8.172,4.386,-0.00716,17.18087,1.09715,0.01227,0.0718
73,74752,17867,0.6277,7.848,4.433,-0.00925,17.11316,1.12922,0.00503,0.0505
74,75776,18113,0.6545,7.988,4.171,-0.01516,17.78814,1.12541,0.00571,0.1035
75,76800,18359,0.6748,8.264,4.142,-0.01182,16.00073,1.09344,0.00731,0.1057
76,77824,18599,0.625,7.654,4.279,-0.00901,16.73447,1.08427,0.01095,0.1274
77,78848,18842,0.6831,8.457,4.21,-0.00981,16.68259,1.04827,0.00818,0.0703
78,79872,19088,0.6626,8.098,4.159,-0.01631,17.06299,1.02005,0.0096,0.1174
79,80896,19329,0.7012,8.763,4.245,-0.0127,16.32149,0.9851,0.00849,0.105
80,81920,19568,0.682,8.51,4.28,-0.00865,15.38134,1.00716,0.01064,0.0635
81,82944,19804,0.6653,8.326,4.347,-0.00909,17.25373,0.9879,0.00757,0.0791
82,83968,20043,0.6151,7.523,4.297,-0.01477,17.49176,1.00765,0.00856,0.1226
83,84992,20293,0.696,8.524,4.084,-0.01387,16.16564,0.99783,0.01786,0.0999
84,86016,20546,0.7075,8.676,4.063,-0.00756,14.64041,0.98535,0.01015,0.0581
85,87040,20771,0.7111,9.213,4.547,-0.01462,13.6578,0.96798,0.00921,0.1555
86,88064,21011,0.7,8.767,4.267,-0.0127,15.20854,0.93782,0.00547,0.0957
87,89088,21253,0.6777,8.393,4.227,-0.00638,15.00132,0.95089,0.01083,0.0945
88,90112,21480,0.7533,9.819,4.52,-0.00996,13.62031,0.89838,0.03177,0.093
89,91136,21721,0.6971,8.685,4.228,-0.00787,16.53563,0.92904,0.01304,0.1038
90,92160,21948,0.7533,9.824,4.524,-0.01089,14.19784,0.88524,0.01079,0.1067
91,93184,22191,0.7202,9.016,4.214,-0.01071,16.02834,0.85912,0.00924,0.1145
92,94208,22431,0.7208,9.079,4.267,-0.00815,14.69422,0.90575,0.00724,0.0935
93,95232,22672,0.7012,8.768,4.249,-0.00727,16.30461,0.8625,0.00601,0.0842
94,96256,22918,0.7358,9.199,4.163,-0.01248,14.46837,0.87892,0.01211,0.1431
95,97280,23147,0.7162,9.21,4.467,-0.01422,14.71,0.87634,0.01355,0.1179
96,98304,23386,0.7741,9.904,4.293,-0.00938,13.82468,0.84981,0.01019,0.0886
97,99328,23628,0.7686,9.764,4.236,-0.01163,14.6545,0.86279,0.00949,0.1335
98,100352,23867,0.7364,9.322,4.276,-0.00555,14.73375,0.8543,0.01332,0.1619
99,101376,24101,0.7137,9.081,4.376,-0.01083,15.40616,0.82188,0.01145,0.1296
100,102400,24347,0.7114,8.821,4.15,-0.00988,16.63962,0.852,0.01488,0.1067
101,103424,24596,0.6908,8.482,4.12,-0.01311,16.08048,0.79156,0.00684,0.1028
102,104448,24839,0.7613,9.638,4.218,-0.00995,13.85413,0.73079,0.01249,0.125
103,105472,25083,0.7295,9.148,4.205,-0.00854,14.43378,0.72411,0.00988,0.0859
104,106496,25317,0.7821,10.103,4.372,-0.00885,13.04932,0.69494,0.00687,0.0669
105,107520,25563,0.7358,9.203,4.167,-0.00855,14.56272,0.69215,0.01181,0.0903
106,108544,25808,0.7388,9.257,4.176,-0.00686,14.86515,0.65359,0.00749,0.0757
107,109568,26050,0.7521,9.517,4.236,-0.00802,13.67544,0.65624,0.00879,0.0884
108,110592,26299,0.7831,9.843,4.096,-0.01096,13.38598,0.63,0.01135,0.1033
109,111616,26545,0.7358,9.215,4.179,-0.01014,14.7071,0.61344,0.01024,0.0693
110,112640,26784,0.7824,10.013,4.276,-0.01082,12.76778,0.59693,0.01502,0.0906
111,113664,27027,0.7613,9.63,4.21,-0.01052,13.391,0.62086,0.01131,0.1116
112,114688,27273,0.7561,9.512,4.171,-0.00888,13.53849,0.59352,0.01159,0.0989
113,115712,27511,0.7899,10.155,4.307,-0.00954,12.56367,0.58833,0.01209,0.0762
114,116736,27752,0.7884,10.066,4.241,-0.00953,14.2882,0.60232,0.01671,0.1094
115,117760,27999,0.7247,9.02,4.15,-0.00876,15.58182,0.61679,0.02508,0.1221
116,118784,28235,0.7712,9.89,4.322,-0.01059,13.37039,0.60477,0.0138,0.1145
117,119808,28467,0.7888,10.267,4.435,-0.00945,12.95181,0.65188,0.00672,0.1287
118,120832,28703,0.7161,9.076,4.335,-0.00938,16.02745,0.72266,0.01612,0.093
119,121856,28944,0.7759,9.876,4.237,-0.00758,12.45159,0.67129,0.01087,0.1108
120,122880,29182,0.8067,10.399,4.298,-0.0127,13.00049,0.68463,0.01829,0.1316
121,123904,29420,0.6975,8.782,4.319,-0.0021,16.19379,0.72514,0.00917,0.0903
122,124928,29659,0.7908,10.142,4.28,-0.00446,12.34657,0.72014,0.01208,0.1152
123,125952,29894,0.7617,9.787,4.362,-0.01057,12.504,0.73422,0.00819,0.0977
124,126976,30142,0.7944,10.036,4.121,-0.01144,12.50191,0.68966,0.01112,0.1282
125,128000,30371,0.7991,10.454,4.467,-0.01008,11.63374,0.69107,0.01678,0.1143
126,129024,30611,0.8083,10.396,4.271,-0.01136,11.57368,0.70796,0.01719,0.1125
127,130048,30855,0.7541,9.516,4.205,-0.0099,13.97416,0.70451,0.00758,0.093
128,131072,31078,0.8072,10.695,4.587,-0.00872,10.79164,0.71765,0.01141,0.0815
129,132096,31318,0.7583,9.633,4.258,-0.00388,13.79016,0.70983,0.01364,0.1462
130,133120,31549,0.7619,9.879,4.45,-0.01285,14.50338,0.72358,0.01557,0.1111
131,134144,31775,0.7743,10.124,4.509,-0.00905,13.15562,0.72267,0.00721,0.0825
132,135168,32017,0.7562,9.587,4.244,-0.01373,15.05197,0.74665,0.0107,0.1045
133,136192,32245,0.7807,10.211,4.5,-0.01078,13.01113,0.69085,0.00815,0.0918
134,137216,32477,0.8233,10.763,4.414,-0.00269,10.5038,0.745,0.01327,0.1125
135,138240,32706,0.7424,9.603,4.467,-0.00367,13.74436,0.75573,0.01236,0.0928
136,139264,32947,0.7925,10.116,4.228,-0.00618,12.47052,0.71776,0.01037,0.0642
137,140288,33172,0.7867,10.364,4.564,-0.00743,12.92759,0.70083,0.01202,0.1033
138,141312,33405,0.7983,10.369,4.395,-0.01173,12.26012,0.66662,0.0324,0.0999
139,142336,33632,0.8062,10.617,4.524,-0.01063,11.5557,0.6567,0.0036,0.071
140,143360,33874,0.7355,9.26,4.227,-0.00939,14.69251,0.71064,0.01835,0.1152
141,144384,34113,0.8117,10.456,4.28,-0.01579,15.16759,0.68838,0.02815,0.1431
142,145408,34351,0.8067,10.403,4.303,-0.00939,11.52618,0.6903,0.01305,0.0874
143,146432,34584,0.8069,10.494,4.391,-0.01064,11.3683,0.6248,0.0106,0.0603
144,147456,34824,0.8083,10.4,4.275,-0.01213,11.14807,0.58174,0.01469,0.1362
145,148480,35048,0.7723,10.152,4.567,-0.00972,11.89214,0.61804,0.0058,0.0854
146,149504,35282,0.7863,10.162,4.368,-0.01265,11.3664,0.59677,0.01087,0.094
147,150528,35517,0.8213,10.685,4.366,-0.00949,10.72051,0.58401,0.01701,0.0803
148,151552,35748,0.8788,11.619,4.437,-0.00897,8.74537,0.55303,0.01307,0.1262
149,152576,35984,0.8136,10.521,4.318,-0.00961,11.61657,0.6093,0.01449,0.1223
150,153600,36227,0.7819,9.947,4.218,-0.01005,11.91077,0.59185,0.01701,0.0894
151,154624,36458,0.8442,11.108,4.446,-0.00867,9.99719,0.56693,0.01119,0.0933
152,155648,36692,0.7735,9.979,4.376,-0.00888,13.88967,0.58639,0.01877,0.1194
153,156672,36939,0.7854,9.927,4.146,-0.00554,11.91986,0.58136,0.00981,0.083
154,157696,37167,0.7982,10.461,4.487,-0.01142,12.79524,0.59332,0.01297,0.1384
155,158720,37393,0.8584,11.403,4.527,-0.00884,9.45962,0.5687,0.01829,0.1345
156,159744,37645,0.8056,10.151,4.067,-0.00871,11.80423,0.5793,0.02281,0.1201
157,160768,37879,0.8162,10.628,4.385,-0.00678,11.72506,0.58412,0.01736,0.0691
158,161792,38113,0.8462,11.043,4.35,-0.00685,9.55691,0.5858,0.01405,0.1497
159,162816,38359,0.8211,10.492,4.175,-0.00784,11.75297,0.56817,0.00704,0.105
160,163840,38590,0.8139,10.654,4.446,-0.01578,10.04482,0.60116,0.01597,0.1082
161,164864,38832,0.8058,10.314,4.227,-0.00849,11.19731,0.57006,0.01428,0.063
162,165888,39075,0.7942,10.136,4.222,-0.00747,13.04977,0.53833,0.0093,0.0867
163,166912,39314,0.8285,10.707,4.28,-0.00951,11.63338,0.53398,0.02845,0.0923
164,167936,39537,0.8072,10.704,4.596,-0.00837,10.46435,0.54468,0.00611,0.1243
165,168960,39764,0.8282,10.925,4.502,-0.01064,10.90508,0.54956,0.00859,0.0774
166,169984,39997,0.8455,11.086,4.403,-0.00965,9.54141,0.56746,0.0136,0.0903
167,171008,40231,0.7906,10.235,4.376,-0.00725,11.9511,0.6208,0.00472,0.0911
168,172032,40470,0.7992,10.272,4.285,-0.00641,12.31638,0.5821,0.01016,0.1016
169,173056,40695,0.8267,10.938,4.538,-0.01191,11.08815,0.57261,0.01047,0.1155
170,174080,40930,0.8085,10.498,4.37,-0.00834,10.40075,0.6272,0.02479,0.0701
171,175104,41165,0.8255,10.723,4.34,-0.00701,10.76202,0.69705,0.01732,0.0969
172,176128,41393,0.8465,11.206,4.509,-0.0101,9.98367,0.71062,0.01318,0.0994
173,177152,41620,0.859,11.392,4.507,-0.00603,9.47177,0.73348,0.01363,0.1189
174,178176,41849,0.8035,10.528,4.476,-0.00977,11.9629,0.68667,0.03068,0.1263
175,179200,42081,0.7974,10.371,4.409,-0.00774,11.44628,0.67868,0.01229,0.1169
176,180224,42316,0.817,10.604,4.349,-0.01185,11.30999,0.65361,0.01066,0.1147
177,181248,42546,0.8696,11.478,4.435,-0.01109,8.78544,0.58304,0.00723,0.1282
178,182272,42774,0.8333,11.018,4.518,-0.01225,12.04841,0.63761,0.01123,0.116
179,183296,43009,0.8298,10.8,4.353,-0.00856,10.54494,0.64939,0.00985,0.0803
180,184320,43244,0.8426,11.004,4.366,-0.01265,10.66412,0.58193,0.03234,0.116
181,185344,43488,0.8525,10.963,4.176,-0.01127,9.10275,0.60484,0.01026,0.0884
182,186368,43716,0.8465,11.189,4.491,-0.00714,9.68306,0.59469,0.0217,0.0967
183,187392,43957,0.8423,10.905,4.27,-0.00745,9.36802,0.54312,0.00932,0.0911
184,188416,44184,0.815,10.736,4.511,-0.00645,11.01167,0.52646,0.00923,0.1284
185,189440,44412,0.8026,10.496,4.456,-0.00763,11.06751,0.53839,0.01047,0.1204
186,190464,44646,0.8291,10.816,4.38,-0.00776,11.50405,0.50294,0.01238,0.114
187,191488,44884,0.8403,10.903,4.298,-0.012,10.71139,0.47064,0.0192,0.0947
188,192512,45122,0.8866,11.622,4.324,-0.00916,7.17866,0.46688,0.01324,0.0962
189,193536,45347,0.84,11.129,4.529,-0.01085,9.15187,0.48021,0.0107,0.103
190,194560,45578,0.8139,10.649,4.442,-0.01122,10.53929,0.50385,0.01427,0.1055
191,195584,45798,0.8136,10.886,4.682,-0.01404,11.61163,0.49561,0.01564,0.1182
192,196608,46031,0.8283,10.803,4.378,-0.01482,10.45155,0.48607,0.0142,0.116
193,197632,46258,0.8722,11.604,4.52,-0.00865,8.78029,0.49919,0.01565,0.1011
194,198656,46491,0.8627,11.33,4.391,-0.01171,7.83601,0.4864,0.01941,0.0959
195,199680,46718,0.8811,11.714,4.498,-0.00416,8.3504,0.46501,0.00868,0.0894
196,200704,46957,0.8368,10.862,4.31,-0.00446,9.66679,0.50002,0.03016,0.0915
197,201728,47182,0.8267,10.947,4.547,-0.00679,10.67109,0.51268,0.01767,0.1206
198,202752,47417,0.8511,11.111,4.345,-0.00991,9.58024,0.47107,0.01712,0.1033
199,203776,47640,0.8296,11.018,4.574,-0.00621,10.18468,0.47774,0.00975,0.0852
200,204800,47874,0.7863,10.201,4.406,-0.00878,12.10439,0.46957,0.00907,0.1021
201,205824,48094,0.8227,10.991,4.65,-0.01009,10.65782,0.4921,0.01692,0.1172
202,206848,48319,0.8444,11.213,4.547,-0.00649,9.70884,0.48872,0.00685,0.0906
203,207872,48545,0.8097,10.69,4.544,-0.00881,11.50404,0.47741,0.01947,0.1099
204,208896,48771,0.9071,12.115,4.509,-0.00847,7.56944,0.46383,0.023,0.0964
205,209920,49012,0.8631,11.207,4.261,-0.00858,8.64122,0.45989,0.01466,0.0996
206,210944,49242,0.8304,10.896,4.439,-0.00257,11.48951,0.45289,0.01147,0.1011
207,211968,49485,0.856,11.074,4.235,-0.01459,10.10089,0.48313,0.02018,0.1167
208,212992,49722,0.8059,10.409,4.321,-0.01072,11.30816,0.51541,0.01836,0.0889
209,214016,49952,0.8304,10.909,4.452,-0.00823,10.22224,0.51715,0.01283,0.0845
210,215040,50178,0.8186,10.81,4.531,-0.00613,11.2847,0.4818,0.02696,0.1055
211,216064,50411,0.8197,10.687,4.391,-0.01283,11.75968,0.47616,0.01348,0.103
212,217088,50642,0.8139,10.645,4.437,-0.0113,11.47071,0.45355,0.00715,0.1138
213,218112,50873,0.8485,11.143,4.416,-0.00979,9.63564,0.44646,0.01616,0.095
214,219136,51106,0.8584,11.288,4.412,-0.01025,9.70294,0.45075,0.01416,0.1436
215,220160,51332,0.823,10.867,4.522,-0.00963,10.5561,0.43826,0.01749,0.0901
216,221184,51544,0.8113,10.995,4.825,-0.01028,11.1035,0.44361,0.01099,0.1028
217,222208,51772,0.8947,11.912,4.491,-0.00786,7.42926,0.42868,0.0102,0.0854
218,223232,52004,0.8448,11.086,4.414,-0.00857,9.69091,0.43426,0.01188,0.1284
219,224256,52234,0.8478,11.183,4.465,-0.01082,9.91008,0.4408,0.01238,0.1094
220,225280,52469,0.8596,11.234,4.34,-0.00332,9.79761,0.43205,0.01011,0.0808
221,226304,52693,0.8304,11.018,4.562,-0.00751,10.2304,0.42218,0.0104,0.0544
222,227328,52927,0.8761,11.543,4.402,-0.01084,8.91973,0.40596,0.0097,0.0894
223,228352,53165,0.8655,11.273,4.29,-0.01103,8.3025,0.38799,0.00787,0.0884
224,229376,53402,0.8186,10.591,4.312,-0.00956,10.69226,0.391,0.01372,0.1042
225,230400,53624,0.8423,11.261,4.626,-0.00338,10.00477,0.41957,0.02666,0.1101
226,231424,53843,0.9041,12.237,4.676,-0.00582,7.61638,0.39693,0.02357,0.1028
227,232448,54078,0.8383,10.932,4.357,-0.00961,10.36122,0.40206,0.0117,0.105
228,233472,54324,0.878,11.341,4.171,-0.01064,9.16588,0.39214,0.01044,0.0852
229,234496,54539,0.8791,11.93,4.744,-0.00762,8.073,0.4257,0.01091,0.0757
230,235520,54771,0.8233,10.763,4.414,-0.00945,9.95524,0.44269,0.02136,0.1133
231,236544,55001,0.8609,11.37,4.457,-0.00882,9.07001,0.43978,0.01777,0.0967
232,237568,55242,0.9046,11.826,4.257,-0.01362,7.65167,0.40344,0.01457,0.0898
233,238592,55477,0.8979,11.804,4.336,-0.0109,7.18829,0.44103,0.01777,0.0969
234,239616,55702,0.8533,11.364,4.564,-0.00977,9.42642,0.46607,0.00842,0.0945
235,240640,55930,0.8421,11.123,4.491,-0.0105,10.32133,0.52161,0.01111,0.1086
236,241664,56173,0.856,11.058,4.218,-0.00613,9.51469,0.49357,0.01807,0.0986
237,242688,56409,0.8814,11.568,4.347,-0.00677,8.71847,0.51681,0.01939,0.0835
238,243712,56629,0.8409,11.236,4.623,-0.00745,10.0618,0.54124,0.00875,0.1021
239,244736,56863,0.859,11.291,4.406,-0.00923,8.62457,0.52061,0.01148,0.1062
240,245760,57086,0.8341,11.081,4.57,-0.01076,9.63455,0.55388,0.02003,0.106
241,246784,57313,0.8282,10.943,4.52,-0.00893,12.10794,0.61844,0.0129,0.1196
242,247808,57530,0.8756,11.862,4.728,0.00246,8.63809,0.54774,0.03139,0.146
243,248832,57748,0.8486,11.427,4.697,-0.00801,9.46904,0.55829,0.02165,0.0996
244,249856,57982,0.8632,11.329,4.38,-0.00432,8.80419,0.54738,0.07273,0.0859
245,250880,58214,0.8793,11.578,4.388,-0.00747,8.4353,0.49352,0.01999,0.1272
246,251904,58450,0.8686,11.39,4.36,-0.00528,8.4361,0.57778,0.01204,0.0952
247,252928,58680,0.8478,11.174,4.457,-0.00721,10.85925,0.51899,0.03065,0.1507
248,253952,58908,0.8246,10.855,4.487,-0.00921,9.17951,0.53694,0.01253,0.1174
249,254976,59139,0.8658,11.416,4.429,-0.01032,8.33175,0.57764,0.02952,0.1074
250,256000,59376,0.8186,10.603,4.325,-0.01391,11.09648,0.57399,0.00909,0.1184
251,257024,59604,0.8421,11.101,4.469,-0.01214,9.89745,0.57065,0.01067,0.1018
252,258048,59834,0.8609,11.383,4.47,-0.00695,8.25824,0.62155,0.00585,0.0674
253,259072,60063,0.8603,11.38,4.476,-0.00988,9.164,0.62208,0.01193,0.1162
254,260096,60303,0.8625,11.204,4.267,-0.00834,8.59907,0.59116,0.01656,0.0906
255,261120,60525,0.8468,11.32,4.617,-0.01761,10.25506,0.51501,0.02307,0.135
256,262144,60767,0.8719,11.289,4.211,-0.01192,8.59295,0.51339,0.00877,0.0894
257,263168,61000,0.8369,10.961,4.408,-0.00762,9.04991,0.52701,0.02877,0.1216
258,264192,61220,0.8545,11.468,4.65,-0.00782,9.08069,0.54238,0.01843,0.092
259,265216,61449,0.8253,10.86,4.48,-0.0103,9.71034,0.49921,0.0186,0.0815
260,266240,61671,0.8784,11.779,4.604,-0.007,7.85405,0.50418,0.01173,0.0947
261,267264,61911,0.8458,10.963,4.275,-0.01124,10.32206,0.46284,0.01618,0.1091
262,268288,62145,0.8547,11.197,4.376,-0.00864,9.14594,0.50065,0.01544,0.1013
263,269312,62371,0.8894,11.858,4.518,-0.00789,7.01149,0.46781,0.01709,0.0823
264,270336,62606,0.8596,11.247,4.353,-0.01286,9.54015,0.50885,0.01732,0.1167
265,271360,62829,0.8744,11.722,4.605,-0.00855,7.8744,0.48785,0.01198,0.106
266,272384,63050,0.8416,11.249,4.624,-0.00832,8.35413,0.4832,0.01007,0.1062
267,273408,63284,0.8718,11.457,4.38,-0.01203,8.55038,0.45587,0.01788,0.0786
268,274432,63512,0.8904,11.842,4.487,-0.01066,8.14781,0.45953,0.0188,0.1248
269,275456,63731,0.8904,12.041,4.685,-0.00505,7.58539,0.46383,0.01061,0.0889
270,276480,63952,0.8643,11.606,4.643,-0.01135,8.09415,0.48297,0.01341,0.0906
271,277504,64176,0.9241,12.433,4.571,-0.00705,5.54252,0.44024,0.00927,0.1008
272,278528,64416,0.8708,11.3,4.237,-0.00757,9.00816,0.42422,0.01058,0.094
273,279552,64652,0.8602,11.271,4.369,-0.01077,10.64441,0.42185,0.01476,0.0994
274,280576,64863,0.8673,11.844,4.834,-0.01167,8.28944,0.43786,0.01523,0.0898
275,281600,65088,0.8622,11.484,4.551,-0.00579,8.72807,0.43102,0.01085,0.093
276,282624,65323,0.8851,11.651,4.374,-0.00642,6.52155,0.42607,0.00659,0.0808
277,283648,65555,0.8276,10.819,4.405,-0.00804,10.23748,0.42336,0.01297,0.0728
278,284672,65772,0.8848,11.982,4.71,-0.00814,8.43983,0.4167,0.01546,0.0686
279,285696,66004,0.8793,11.621,4.431,-0.00865,8.0758,0.40356,0.01494,0.0908
280,286720,66232,0.8904,11.846,4.491,-0.01116,7.59169,0.41648,0.01219,0.0913
281,287744,66455,0.8879,11.901,4.583,-0.00733,7.46596,0.38798,0.00734,0.0901
282,288768,66663,0.8846,12.183,4.913,-0.01195,8.27588,0.42325,0.01758,0.1089
283,289792,66890,0.8678,11.542,4.524,-0.01015,9.24635,0.41039,0.01604,0.1038
284,290816,67119,0.917,12.223,4.467,-0.00536,5.88278,0.3954,0.01291,0.0691
285,291840,67341,0.8694,11.64,4.599,-0.00848,9.60372,0.42401,0.01042,0.0789
286,292864,67563,0.8423,11.252,4.617,-0.00795,8.26284,0.39588,0.01083,0.0696
287,293888,67793,0.8652,11.417,4.439,-0.01116,8.03673,0.40523,0.01048,0.1055
288,294912,68024,0.8571,11.303,4.446,-0.011,8.89332,0.41238,0.0135,0.0818
289,295936,68250,0.9159,12.252,4.513,-0.00827,5.67416,0.40612,0.0188,0.1167
290,296960,68472,0.8739,11.757,4.649,-0.00573,7.06499,0.39881,0.01113,0.0918
291,297984,68689,0.8664,11.705,4.71,-0.00845,8.30137,0.39309,0.00867,0.0974
292,299008,68914,0.8578,11.418,4.551,-0.00844,8.40776,0.40103,0.02096,0.0908
293,300032,69134,0.9,12.164,4.664,-0.01055,6.98074,0.41507,0.00891,0.0872
294,301056,69358,0.8839,11.812,4.554,-0.00959,8.02302,0.40931,0.0357,0.085
295,302080,69577,0.8721,11.758,4.676,-0.00941,7.48374,0.40376,0.01306,0.1006
296,303104,69802,0.8844,11.836,4.569,-0.00953,7.61948,0.44065,0.01144,0.0972
297,304128,70022,0.8727,11.727,4.636,-0.00867,7.95647,0.43046,0.01383,0.0903
298,305152,70244,0.8874,11.937,4.626,-0.00961,8.17048,0.43561,0.01714,0.0803
299,306176,70460,0.9074,12.352,4.741,-0.01238,5.59909,0.44781,0.00582,0.0784
300,307200,70686,0.885,11.796,4.522,-0.00596,7.26475,0.40991,0.00679,0.0762
301,308224,70902,0.8611,11.662,4.745,-0.00812,8.09858,0.38072,0.01907,0.0823
302,309248,71134,0.8922,11.797,4.414,-0.01357,6.82603,0.361,0.01715,0.116
303,310272,71357,0.9013,12.099,4.578,-0.00904,6.83255,0.34769,0.00755,0.0752
304,311296,71589,0.8836,11.681,4.427,-0.00592,6.16893,0.33294,0.01641,0.0879
305,312320,71819,0.8783,11.63,4.457,-0.00978,7.64314,0.34031,0.0213,0.0876
306,313344,72052,0.8798,11.588,4.391,-0.00914,8.11791,0.32376,0.00927,0.0947
307,314368,72269,0.8618,11.654,4.728,-0.0133,9.38842,0.36673,0.0345,0.0947
308,315392,72491,0.9279,12.505,4.586,-0.007,5.43433,0.35252,0.00422,0.1003
309,316416,72709,0.8945,12.133,4.716,-0.00773,6.49667,0.38265,0.01285,0.0972
310,317440,72940,0.8788,11.615,4.433,-0.01436,7.49455,0.35167,0.02298,0.0964
311,318464,73156,0.8843,12.014,4.75,0.00119,7.14508,0.33824,0.03912,0.0703
312,319488,73366,0.919,12.657,4.871,-0.00597,4.99871,0.33211,0.00725,0.0637
313,320512,73576,0.8762,12.01,4.867,-0.0083,6.79154,0.32989,0.04916,0.1055
314,321536,73794,0.8853,11.991,4.711,-0.00614,6.57806,0.34176,0.02169,0.0718
315,322560,74012,0.9266,12.592,4.693,-0.00973,4.81223,0.31391,0.01724,0.0754
316,323584,74247,0.8723,11.43,4.345,-0.01203,8.9322,0.32669,0.00919,0.0789
317,324608,74461,0.8972,12.234,4.776,-0.00028,6.10761,0.31485,0.02273,0.1011
318,325632,74681,0.8955,12.114,4.682,-0.00806,7.7516,0.31182,0.03074,0.0747
319,326656,74901,0.9,12.145,4.645,-0.00642,6.00359,0.31335,0.01588,0.0779
320,327680,75134,0.8755,11.532,4.399,-0.01163,8.00959,0.31582,0.03854,0.0911
321,328704,75368,0.9188,12.158,4.376,-0.00596,4.82255,0.28805,0.01601,0.0642
322,329728,75577,0.8947,12.287,4.866,-0.00806,7.11954,0.31332,0.01624,0.0847
323,330752,75796,0.9041,12.247,4.685,-0.00967,6.72579,0.30871,0.01929,0.1057
324,331776,76027,0.8831,11.697,4.45,-0.00615,8.97099,0.27417,0.01255,0.084
325,332800,76237,0.8905,12.238,4.881,-0.00547,6.44618,0.29103,0.01224,0.0647
326,333824,76456,0.9361,12.712,4.671,-0.00878,4.94804,0.26039,0.03874,0.0574
327,334848,76690,0.9017,11.889,4.363,-0.00558,6.67269,0.2531,0.00798,0.0637
328,335872,76906,0.9213,12.569,4.75,-0.00631,5.47022,0.27201,0.01087,0.0417
329,336896,77128,0.8964,12.072,4.626,-0.00612,6.72907,0.25725,0.00852,0.0369
330,337920,77349,0.9276,12.516,4.602,-0.00639,5.52889,0.26578,0.03522,0.0635
331,338944,77580,0.8918,11.823,4.446,-0.00461,7.66571,0.25333,0.01738,0.0542
332,339968,77796,0.9074,12.366,4.755,-0.00829,5.61105,0.268,0.01676,0.0869
333,340992,78019,0.9283,12.511,4.587,-0.00945,5.89274,0.2473,0.01006,0.0513
334,342016,78229,0.9143,12.586,4.871,-0.00446,5.49117,0.26734,0.03134,0.0635
335,343040,78450,0.9321,12.629,4.647,-0.00829,6.0233,0.28196,0.01674,0.0625
336,344064,78668,0.8991,12.183,4.697,-0.00637,7.04384,0.26987,0.0209,0.0671
337,345088,78891,0.9238,12.426,4.57,-0.00767,6.25264,0.2925,0.01219,0.0566
338,346112,79104,0.892,12.197,4.817,-0.00718,7.86333,0.29729,0.01097,0.0562
339,347136,79321,0.8571,11.581,4.724,-0.01105,9.9431,0.29519,0.00656,0.0554
340,348160,79529,0.9087,12.553,4.923,-0.00453,6.44181,0.29924,0.01072,0.0498
341,349184,79753,0.9018,12.085,4.558,-0.01058,7.68686,0.27892,0.01345,0.0833
342,350208,79969,0.9074,12.338,4.727,-0.0035,5.59943,0.27146,0.00558,0.0713
343,351232,80189,0.8955,12.109,4.677,-0.00795,7.95797,0.27492,0.03279,0.0779
344,352256,80401,0.9387,12.92,4.84,-0.0046,4.978,0.27185,0.00984,0.0527
345,353280,80612,0.9289,12.787,4.853,-0.00715,6.26035,0.29068,0.01429,0.1011
346,354304,80834,0.9054,12.189,4.608,-0.00714,7.03626,0.27055,0.01131,0.0435
347,355328,81054,0.8818,11.877,4.65,-0.00981,7.52479,0.28475,0.01534,0.0864
348,356352,81274,0.8727,11.759,4.668,-0.01068,8.57336,0.289,0.04484,0.0701
349,357376,81486,0.8915,12.203,4.83,-0.00553,7.55043,0.27902,0.03117,0.0749
350,358400,81690,0.9216,12.838,5.015,-0.00687,5.53573,0.27749,0.00766,0.0674
351,359424,81899,0.9091,12.531,4.895,-0.00721,6.02617,0.24651,0.0249,0.0681
352,360448,82113,0.9252,12.654,4.776,-0.00624,5.66718,0.23272,0.0346,0.0407
353,361472,82328,0.8977,12.247,4.781,-0.00806,7.76706,0.25232,0.01742,0.0576
354,362496,82534,0.9369,12.995,4.942,-0.00797,4.92424,0.27417,0.01372,0.0813
355,363520,82756,0.9279,12.559,4.64,-0.00649,5.65254,0.25545,0.03281,0.0654
356,364544,82972,0.9352,12.755,4.727,-0.00569,5.1224,0.24761,0.00643,0.0627
357,365568,83193,0.9095,12.249,4.606,-0.00674,6.6244,0.26973,0.02012,0.071
358,366592,83401,0.9279,12.875,4.957,-0.00646,4.78481,0.29194,0.0069,0.0703
359,367616,83620,0.9041,12.247,4.685,-0.00465,5.37222,0.29303,0.03531,0.0508
360,368640,83846,0.885,11.792,4.518,-0.00883,8.97412,0.29828,0.01984,0.0876
361,369664,84052,0.8738,12.092,4.985,-0.00683,8.42853,0.28258,0.00432,0.0496
362,370688,84262,0.8905,12.233,4.876,-0.00985,7.72981,0.30251,0.01263,0.0874
363,371712,84475,0.939,12.892,4.808,-0.00489,4.90893,0.29459,0.01753,0.0723
364,372736,84695,0.8818,11.868,4.641,-0.00596,8.32496,0.3016,0.00826,0.0676
365,373760,84923,0.9254,12.368,4.487,-0.00785,5.20024,0.28467,0.02337,0.0845
366,374784,85139,0.8796,11.944,4.75,-0.00995,7.13052,0.3099,0.01008,0.0852
367,375808,85338,0.9648,13.618,5.146,-0.01001,3.26912,0.30695,0.02199,0.1028
368,376832,85547,0.9282,12.823,4.9,-0.00743,5.73136,0.30559,0.01093,0.075
369,377856,85762,0.9116,12.447,4.772,-0.00905,5.81478,0.29349,0.00447,0.0652
370,378880,85966,0.951,13.279,5.015,-0.00966,3.74838,0.28595,0.01101,0.0754
371,379904,86184,0.9083,12.317,4.693,-0.00715,5.87018,0.29154,0.01552,0.0667
372,380928,86393,0.9234,12.722,4.871,-0.00492,5.74298,0.30749,0.01115,0.0586
373,381952,86612,0.895,12.119,4.694,-0.00871,7.8219,0.2967,0.0176,0.0959
374,382976,86820,0.9038,12.466,4.909,-0.00718,7.53737,0.27894,0.03677,0.0827
375,384000,87038,0.9404,12.826,4.72,-0.00595,4.8368,0.26261,0.01003,0.0493
376,385024,87244,0.8932,12.369,4.971,-0.00781,7.74028,0.27014,0.00916,0.0593
377,386048,87452,0.8894,12.26,4.918,-0.00634,6.38078,0.27663,0.01025,0.0952
378,387072,87665,0.939,12.901,4.817,-0.00886,4.88243,0.26364,0.01701,0.0864
379,388096,87873,0.9183,12.697,4.923,-0.00532,5.78348,0.2762,0.02081,0.0801
380,389120,88091,0.9037,12.252,4.697,-0.00705,6.3176,0.27505,0.01517,0.0491
381,390144,88288,0.9086,12.827,5.198,-0.00727,5.5461,0.26783,0.00842,0.0464
382,391168,88492,0.9265,12.922,5.025,-0.00528,5.79813,0.25513,0.01458,0.0657
383,392192,88694,0.9455,13.248,5.064,-0.00347,4.29859,0.26701,0.00713,0.0588
384,393216,88903,0.9091,12.536,4.9,-0.00382,7.44006,0.25911,0.0152,0.0806
385,394240,89124,0.914,12.335,4.624,-0.0045,5.53361,0.2484,0.01669,0.0488
386,395264,89331,0.9179,12.71,4.942,-0.00713,5.08376,0.26888,0.00513,0.0732
387,396288,89543,0.9057,12.42,4.835,-0.00485,6.47026,0.27118,0.00501,0.0557
388,397312,89757,0.9252,12.668,4.79,-0.00589,4.54528,0.25728,0.01541,0.0591
389,398336,89965,0.9087,12.553,4.923,-0.00546,7.30958,0.27355,0.0164,0.0957
390,399360,90186,0.9231,12.466,4.62,-0.0048,4.98802,0.25473,0.00636,0.0452
391,400384,90397,0.9289,12.806,4.872,-0.00575,4.84792,0.25026,0.00929,0.0681
392,401408,90611,0.9159,12.528,4.79,-0.00534,5.2668,0.26466,0.00932,0.0842
393,402432,90827,0.9352,12.755,4.727,-0.00571,5.35556,0.25091,0.01329,0.0725
394,403456,91047,0.9136,12.373,4.668,-0.00529,5.45432,0.26457,0.03735,0.0817
395,404480,91254,0.9227,12.768,4.928,-0.00541,5.29732,0.27371,0.01845,0.0557
396,405504,91472,0.8991,12.193,4.706,-0.00475,5.71407,0.27112,0.01234,0.0537
397,406528,91686,0.8925,12.168,4.78,-0.00435,6.11985,0.26327,0.00842,0.0637
398,407552,91895,0.9569,13.263,4.909,-0.00808,3.46478,0.2511,0.01485,0.0598
399,408576,92108,0.9343,12.808,4.793,-0.00641,4.45128,0.25937,0.03058,0.0706
400,409600,92319,0.9005,12.351,4.844,-0.00467,5.90204,0.27853,0.01082,0.0625
401,410624,92522,0.936,13.089,5.049,-0.00886,4.65626,0.27339,0.01347,0.0652
402,411648,92735,0.939,12.901,4.817,-0.0052,4.50021,0.26784,0.00933,0.0588
403,412672,92944,0.9043,12.459,4.895,-0.0058,7.13428,0.28548,0.00891,0.0718
404,413696,93157,0.9249,12.695,4.822,-0.00715,5.54454,0.27337,0.01443,0.0618
405,414720,93367,0.9333,12.867,4.867,-0.0031,5.30028,0.24582,0.0109,0.0642
406,415744,93577,0.9,12.381,4.881,-0.00573,5.34417,0.24055,0.03111,0.0862
407,416768,93786,0.9091,12.536,4.9,-0.00496,5.90494,0.24328,0.00582,0.0444
408,417792,93995,0.8852,12.172,4.895,-0.00626,6.71386,0.26273,0.00963,0.0684
409,418816,94214,0.9406,12.799,4.689,-0.00336,5.01406,0.25448,0.0161,0.0662
410,419840,94426,0.9434,12.981,4.83,-0.00742,4.1975,0.24716,0.01194,0.0588
411,420864,94661,0.8851,11.626,4.349,-0.00577,8.06482,0.21786,0.00998,0.0298
412,421888,94872,0.9052,12.441,4.863,-0.00774,7.2394,0.24089,0.01691,0.0593
413,422912,95092,0.9455,12.836,4.655,-0.00689,4.85087,0.22597,0.00587,0.0591
414,423936,95296,0.9314,12.98,5.01,-0.00702,4.3827,0.22308,0.02627,0.0806
415,424960,95495,0.9246,12.99,5.121,-0.00684,5.0501,0.21861,0.00978,0.0647
416,425984,95717,0.9099,12.288,4.64,-0.00518,6.1033,0.21544,0.00469,0.0381
417,427008,95930,0.9343,12.826,4.812,-0.00724,4.88265,0.22886,0.00578,0.0491
418,428032,96136,0.9563,13.291,4.947,-0.0033,3.6065,0.209,0.00943,0.0522
419,429056,96349,0.892,12.211,4.831,-0.00607,8.19561,0.22534,0.02611,0.0583
420,430080,96569,0.9091,12.282,4.645,-0.00747,6.40465,0.24077,0.01781,0.0725
421,431104,96770,0.9104,12.756,5.1,-0.00671,6.30282,0.22165,0.0214,0.0728
422,432128,96989,0.9315,12.653,4.68,-0.00638,5.03758,0.2121,0.01255,0.0425
423,433152,97206,0.9171,12.47,4.714,-0.00551,5.30213,0.22994,0.00606,0.0459
424,434176,97406,0.91,12.765,5.115,-0.0066,5.75871,0.23122,0.01793,0.0491
425,435200,97623,0.8986,12.198,4.719,-0.00466,5.24942,0.22715,0.00827,0.0544
426,436224,97823,0.915,12.855,5.13,-0.00809,5.17912,0.23916,0.01259,0.062
427,437248,98032,0.9234,12.713,4.861,-0.00568,4.72802,0.24255,0.01056,0.0588
428,438272,98243,0.8768,12.033,4.882,-0.00543,7.31482,0.24912,0.00387,0.0474
429,439296,98442,0.9246,13.025,5.156,-0.00239,4.86258,0.23905,0.00591,0.0466
430,440320,98658,0.9213,12.519,4.699,-0.00362,5.03983,0.24812,0.00512,0.0337
431,441344,98872,0.9019,12.355,4.827,-0.00355,5.04939,0.2753,0.019,0.0706
432,442368,99080,0.9183,12.697,4.923,-0.00633,4.59593,0.26546,0.01671,0.0786
433,443392,99274,0.9175,13.015,5.253,-0.00395,5.73591,0.27536,0.04625,0.0622
434,444416,99488,0.9346,12.818,4.799,-0.00368,3.7139,0.24723,0.01024,0.0569
435,445440,99695,0.9324,12.942,4.957,-0.00416,4.2616,0.24623,0.01018,0.0601
436,446464,99886,0.911,13.026,5.361,-0.00397,5.92406,0.26126,0.01449,0.0532
437,447488,100098,0.9245,12.693,4.825,-0.00329,5.85861,0.25553,0.00604,0.0588
438,448512,100313,0.9163,12.512,4.767,-0.00557,4.56154,0.26652,0.01257,0.0549
439,449536,100521,0.9135,12.615,4.913,-0.00482,6.06367,0.26861,0.01421,0.1074
440,450560,100728,0.9034,12.473,4.923,-0.0101,6.5912,0.26951,0.04918,0.0785
441,451584,100924,0.9133,12.954,5.255,-0.00737,5.78875,0.28863,0.02528,0.0811
442,452608,101128,0.8971,12.466,5.01,-0.00524,6.08336,0.27038,0.02047,0.0552
443,453632,101344,0.8889,12.074,4.741,-0.00531,7.12003,0.28052,0.01902,0.1011
444,454656,101550,0.9029,12.519,4.976,-0.00297,5.6349,0.30132,0.04268,0.0688
445,455680,101748,0.8939,12.571,5.162,-0.00717,6.56224,0.31149,0.01264,0.0588
446,456704,101971,0.9327,12.578,4.587,-0.00867,5.54388,0.27481,0.02866,0.0803
447,457728,102182,0.9289,12.806,4.872,-0.00508,5.99222,0.28178,0.00801,0.0693
448,458752,102410,0.9079,12.105,4.487,-0.00547,6.49852,0.26703,0.0107,0.0554
449,459776,102602,0.9062,12.927,5.333,-0.0046,5.07146,0.28204,0.01235,0.0579
450,460800,102810,0.9279,12.803,4.885,-0.00514,5.37533,0.27908,0.03285,0.0586
451,461824,103024,0.8972,12.29,4.832,-0.00544,6.53269,0.30037,0.01262,0.0825
452,462848,103233,0.933,12.88,4.885,-0.00032,4.58866,0.29312,0.04756,0.0706
453,463872,103445,0.934,12.844,4.835,-0.00234,4.51633,0.29717,0.00806,0.0977
454,464896,103655,0.9143,12.6,4.886,-0.01284,5.53437,0.31956,0.03619,0.0934
455,465920,103883,0.9035,12.044,4.491,-0.00467,6.30451,0.29337,0.00384,0.0583
456,466944,104094,0.9147,12.573,4.853,-0.00538,5.96469,0.30831,0.02563,0.0674
457,467968,104314,0.8545,11.455,4.636,-0.00535,7.81149,0.29177,0.00843,0.0581
458,468992,104521,0.9034,12.512,4.961,-0.00446,5.92432,0.27664,0.00203,0.0544
459,470016,104738,0.9309,12.654,4.691,-0.00585,4.9517,0.30249,0.00796,0.0798
460,471040,104935,0.9391,13.315,5.228,-0.00725,4.47219,0.29036,0.00611,0.0654
461,472064,105134,0.9347,13.156,5.136,-0.00732,4.35483,0.26725,0.00879,0.0754
462,473088,105334,0.925,12.99,5.115,-0.00572,4.69782,0.25597,0.00506,0.0652
463,474112,105549,0.9163,12.521,4.777,-0.00469,5.47289,0.2376,0.0245,0.0603
464,475136,105747,0.9343,13.182,5.167,-0.00782,5.05041,0.23964,0.01191,0.0601
465,476160,105967,0.95,12.905,4.655,-0.00314,3.66875,0.25705,0.00915,0.0535
466,477184,106171,0.9216,12.848,5.025,-0.00261,4.62607,0.25231,0.00785,0.0571
467,478208,106385,0.9299,12.734,4.785,-0.00631,4.84943,0.22847,0.01343,0.0605
468,479232,106588,0.9212,12.842,5.025,-0.00453,4.0505,0.22757,0.00303,0.0447
469,480256,106796,0.9183,12.721,4.947,-0.00382,5.86004,0.19632,0.03143,0.0391
470,481280,107004,0.8558,11.745,4.909,-0.00684,8.94277,0.20357,0.0541,0.0623
471,482304,107212,0.9231,12.784,4.938,-0.006,5.48893,0.22068,0.00884,0.0374
472,483328,107418,0.9126,12.655,4.966,-0.00459,4.87646,0.25576,0.0072,0.042
473,484352,107642,0.9286,12.455,4.527,-0.00481,4.65048,0.22787,0.02277,0.0728
474,485376,107853,0.9242,12.749,4.886,-0.0051,4.51574,0.22886,0.00584,0.0476
475,486400,108057,0.9265,12.926,5.029,-0.00376,4.35681,0.23375,0.00517,0.0544
476,487424,108264,0.9275,12.87,4.957,-0.00548,4.96102,0.23054,0.01316,0.0776
477,488448,108461,0.9036,12.726,5.173,-0.00685,6.74676,0.23505,0.01972,0.0635
478,489472,108667,0.9466,13.189,4.99,-0.00345,3.33349,0.2306,0.01135,0.0613
479,490496,108876,0.9282,12.828,4.904,-0.00377,4.24692,0.23978,0.00824,0.0427
480,491520,109081,0.9073,12.6,4.99,-0.00366,4.62516,0.21453,0.01165,0.0557
481,492544,109282,0.9453,13.274,5.095,-0.00402,3.27445,0.21296,0.00378,0.0684
482,493568,109481,0.9045,12.693,5.126,-0.00203,5.78075,0.2199,0.00336,0.0256
483,494592,109688,0.942,13.097,4.966,-0.00467,4.06123,0.21651,0.01672,0.0559
484,495616,109885,0.9239,13.061,5.203,-0.00459,4.1351,0.22251,0.01196,0.0718
485,496640,110097,0.9292,12.745,4.807,-0.00346,4.05725,0.19274,0.01067,0.0432
486,497664,110302,0.9415,13.141,5.02,0.00092,4.77725,0.20256,0.01711,0.0537
487,498688,110508,0.9175,12.689,4.927,-0.00536,4.41138,0.18322,0.02001,0.0681
488,499712,110719,0.9289,12.82,4.886,-0.0048,5.02714,0.18435,0.03045,0.0452
489,500736,110931,0.9528,13.132,4.84,-0.00441,3.45601,0.19484,0.00318,0.0464
490,501760,111133,0.9208,12.871,5.059,-0.00367,4.42163,0.21345,0.01021,0.033
491,502784,111342,0.9043,12.469,4.904,-0.00531,5.31292,0.20676,0.00777,0.0676
492,503808,111559,0.894,12.134,4.724,-0.00384,5.63635,0.19483,0.01012,0.0449
493,504832,111769,0.9286,12.781,4.852,-0.00467,4.17417,0.19951,0.01418,0.0417
494,505856,111986,0.9263,12.627,4.733,-0.00224,3.97433,0.18893,0.01002,0.0486
495,506880,112196,0.9,12.357,4.857,-0.00486,7.12478,0.21399,0.00689,0.0271
496,507904,112410,0.9206,12.617,4.808,-0.00451,3.47203,0.20158,0.01252,0.052
497,508928,112605,0.8872,12.554,5.246,-0.00544,7.58499,0.20788,0.01806,0.0481
498,509952,112813,0.9087,12.519,4.889,-0.00349,4.92137,0.19757,0.00354,0.0496
499,510976,113022,0.9378,12.986,4.919,-0.00434,3.67087,0.18424,0.00652,0.04
500,512000,113231,0.9282,12.847,4.923,-0.00782,4.51161,0.19448,0.03149,0.0618
501,513024,113436,0.9366,13.029,4.98,-0.00399,3.85405,0.19283,0.00638,0.0454
502,514048,113639,0.9015,12.581,5.059,-0.00324,4.30179,0.19645,0.00304,0.0327
503,515072,113846,0.9227,12.773,4.932,-0.00708,6.25076,0.18857,0.01737,0.0342
504,516096,114059,0.9202,12.596,4.793,-0.00959,5.48424,0.18812,0.02317,0.061
505,517120,114269,0.9429,13.043,4.9,-0.00302,4.11342,0.20986,0.01488,0.0369
506,518144,114472,0.9458,13.232,5.044,-0.00457,3.87413,0.179,0.01391,0.0476
507,519168,114669,0.9086,12.827,5.198,-0.00432,5.68804,0.19908,0.01026,0.0403
508,520192,114876,0.9082,12.551,4.928,-0.00423,5.55246,0.18186,0.0119,0.0425
509,521216,115086,0.8952,12.305,4.876,-0.00202,5.54209,0.19755,0.0159,0.0439
510,522240,115305,0.9452,12.877,4.699,-0.00132,3.62648,0.18118,0.00207,0.0308
511,523264,115504,0.8844,12.392,5.126,-0.00351,6.12125,0.19244,0.00944,0.0376
512,524288,115706,0.9257,12.96,5.074,-0.00401,4.83858,0.20471,0.00921,0.0569
513,525312,115904,0.9192,12.934,5.146,-0.00171,4.22454,0.1932,0.01746,0.0361
514,526336,116116,0.9387,12.934,4.854,-0.00584,4.01257,0.19884,0.00855,0.0649
515,527360,116310,0.933,13.284,5.289,-0.00458,4.21988,0.18683,0.02169,0.0435
516,528384,116521,0.91,12.502,4.853,-0.00169,4.84592,0.21291,0.05688,0.0527
517,529408,116730,0.9569,13.254,4.9,-0.00516,3.03992,0.21464,0.00688,0.0596
518,530432,116935,0.9268,12.854,4.951,-0.00329,4.43725,0.2149,0.02794,0.0496
519,531456,117145,0.9048,12.481,4.91,-0.00444,5.72762,0.22894,0.00551,0.0645
520,532480,117348,0.931,13.0,5.034,-0.00275,3.21403,0.22024,0.0053,0.0549
521,533504,117560,0.9104,12.495,4.84,-0.00479,4.7448,0.24245,0.00517,0.0686
522,534528,117756,0.9541,13.531,5.219,-0.0064,3.07517,0.2423,0.01576,0.0713
523,535552,117965,0.9522,13.182,4.9,-0.00113,3.17017,0.23038,0.01578,0.0493
524,536576,118178,0.939,12.897,4.812,-0.00341,3.47158,0.21192,0.00511,0.0603
525,537600,118388,0.9095,12.519,4.876,-0.00261,5.47965,0.21072,0.00859,0.0549
526,538624,118599,0.9384,12.943,4.867,-0.00243,3.86644,0.2284,0.02226,0.0535
527,539648,118808,0.9187,12.67,4.89,-0.0057,6.53104,0.20753,0.00778,0.061
528,540672,119016,0.875,12.034,4.909,-0.00154,6.96808,0.21331,0.01428,0.0522
529,541696,119227,0.8957,12.308,4.872,-0.00595,5.82441,0.22518,0.00743,0.0527
530,542720,119436,0.9091,12.541,4.904,-0.00496,5.09215,0.20442,0.01115,0.051
531,543744,119639,0.9064,12.64,5.044,-0.0034,4.79345,0.20177,0.01235,0.0603
532,544768,119858,0.9269,12.562,4.658,-0.00343,4.54672,0.19878,0.01015,0.0356
533,545792,120061,0.9261,12.921,5.03,-0.00201,4.18511,0.21258,0.00914,0.0444
534,546816,120254,0.9067,12.933,5.332,-0.0082,6.61221,0.19298,0.00639,0.0693
535,547840,120473,0.9087,12.297,4.667,-0.00215,5.90983,0.19335,0.0075,0.0386
536,548864,120681,0.9615,13.351,4.928,-0.00473,2.71744,0.19422,0.0022,0.0342
537,549888,120887,0.9709,13.519,4.956,-0.006,2.58235,0.19033,0.00425,0.0544
538,550912,121085,0.9394,13.288,5.197,-0.0023,3.59131,0.19315,0.00525,0.0352
539,551936,121298,0.939,12.878,4.793,-0.00561,3.82885,0.20393,0.01093,0.0591
540,552960,121512,0.9252,12.659,4.78,-0.00517,4.35706,0.21665,0.01182,0.0737
541,553984,121707,0.9282,13.195,5.272,-0.0049,4.7288,0.2291,0.00542,0.0674
542,555008,121915,0.9423,13.062,4.928,-0.00605,4.71671,0.2294,0.00384,0.0432
543,556032,122135,0.9273,12.545,4.636,-0.00171,4.16396,0.222,0.00777,0.0312
544,557056,122343,0.9471,13.144,4.938,-0.00223,3.33756,0.23203,0.01472,0.0581
545,558080,122543,0.94,13.2,5.1,-0.00198,3.57748,0.22336,0.00958,0.0598
546,559104,122750,0.9227,12.797,4.957,-0.00344,4.56694,0.21843,0.01075,0.0454
547,560128,122964,0.9065,12.369,4.771,-0.00384,6.57436,0.25631,0.02786,0.0703
548,561152,123162,0.8838,12.455,5.197,-0.00138,6.17219,0.26619,0.00278,0.0542
549,562176,123365,0.9458,13.202,5.015,-0.00324,3.6794,0.278,0.00959,0.0586
550,563200,123570,0.8829,12.268,5.024,-0.00529,6.86075,0.29428,0.00939,0.0632
551,564224,123773,0.9064,12.635,5.039,-0.0063,5.58637,0.29894,0.02052,0.0779
552,565248,123977,0.9167,12.745,4.995,-0.00511,4.42791,0.2958,0.01525,0.0803
553,566272,124186,0.9139,12.632,4.923,-0.00826,5.25743,0.29475,0.0105,0.0728
554,567296,124384,0.9293,13.091,5.152,-0.00614,4.52434,0.2934,0.00627,0.0852
555,568320,124588,0.9314,12.99,5.02,-0.00747,4.62448,0.27719,0.00776,0.0901
556,569344,124809,0.8959,12.095,4.656,-0.00251,7.56568,0.26941,0.01383,0.0754
557,570368,125007,0.904,12.702,5.141,-0.00582,5.31992,0.26338,0.02475,0.0684
558,571392,125222,0.8791,11.981,4.795,-0.007,6.5959,0.26552,0.00665,0.0591
559,572416,125435,0.9061,12.394,4.803,-0.01129,6.02998,0.24665,0.02307,0.0947
560,573440,125640,0.9366,13.039,4.99,-0.0028,4.51445,0.23668,0.01575,0.0508
561,574464,125845,0.9366,13.054,5.005,-0.00255,3.13834,0.228,0.00553,0.0403
562,575488,126055,0.9238,12.729,4.871,-0.00509,4.43892,0.25576,0.02755,0.0579
563,576512,126251,0.9337,13.23,5.224,-0.00577,4.58402,0.24931,0.012,0.0679
564,577536,126461,0.9238,12.733,4.876,-0.00329,5.10773,0.24583,0.00313,0.0344
565,578560,126662,0.9751,13.706,5.08,-0.00278,2.58543,0.23045,0.02267,0.0698
566,579584,126859,0.9239,13.066,5.208,-0.00259,4.38909,0.22269,0.00391,0.0469
567,580608,127049,0.9158,13.132,5.395,-0.00368,4.77847,0.24143,0.01044,0.0574
568,581632,127252,0.931,13.005,5.039,-0.00395,3.12188,0.23487,0.00859,0.0466
569,582656,127452,0.925,13.0,5.125,-0.00305,4.34665,0.23067,0.01007,0.0579
570,583680,127660,0.9135,12.615,4.913,-0.00426,5.16305,0.22958,0.02004,0.0537
571,584704,127871,0.9194,12.635,4.844,-0.00686,5.03146,0.21887,0.01767,0.0552
572,585728,128079,0.9135,12.63,4.928,-0.003,4.72456,0.21444,0.03752,0.04
573,586752,128292,0.9343,12.84,4.826,-0.00403,3.72793,0.23246,0.00368,0.0552
574,587776,128486,0.9278,13.17,5.253,-0.00243,3.66929,0.22111,0.00469,0.0356
575,588800,128692,0.8981,12.437,4.966,-0.00602,5.6511,0.24668,0.00783,0.0493
576,589824,128907,0.9442,12.935,4.772,-0.00585,3.56277,0.23861,0.00258,0.0378
577,590848,129097,0.9158,13.121,5.384,-0.00546,5.13172,0.24466,0.00497,0.0435
578,591872,129308,0.9384,12.943,4.867,-0.00356,4.08513,0.23565,0.00338,0.0459
579,592896,129511,0.9113,12.714,5.044,-0.00609,4.58861,0.23961,0.00969,0.0527
580,593920,129725,0.9112,12.463,4.794,-0.00577,6.37465,0.21981,0.01377,0.0408
581,594944,129932,0.913,12.609,4.913,-0.00419,4.76445,0.21495,0.00965,0.0381
582,595968,130139,0.9372,13.029,4.971,-0.00688,3.9747,0.22409,0.01904,0.0483
583,596992,130354,0.9163,12.512,4.767,-0.00483,5.78402,0.23503,0.02857,0.0544
584,598016,130572,0.9083,12.326,4.702,-0.00546,6.12189,0.22492,0.01775,0.0569
585,599040,130771,0.9095,12.789,5.146,-0.00586,5.99571,0.21558,0.0119,0.0408
586,600064,130966,0.9282,13.149,5.226,-0.00398,4.28382,0.22706,0.00301,0.0388
587,601088,131178,0.9057,12.434,4.849,-0.00423,5.26167,0.26254,0.01499,0.0525
588,602112,131394,0.9213,12.556,4.736,-0.00411,5.02588,0.27031,0.01157,0.0764
589,603136,131601,0.8937,12.362,4.957,-0.00898,7.12791,0.29036,0.01699,0.0723
590,604160,131804,0.9163,12.788,5.044,-0.00973,6.14621,0.30147,0.01043,0.0547
591,605184,132012,0.9183,12.692,4.918,-0.00457,4.81923,0.25628,0.00471,0.052
592,606208,132219,0.9034,12.493,4.942,-0.00399,5.9659,0.26128,0.00302,0.0427
593,607232,132412,0.9482,13.539,5.316,-0.00538,3.52612,0.26042,0.00799,0.0498
594,608256,132623,0.9289,12.763,4.829,-0.00673,4.8419,0.23106,0.01348,0.0659
595,609280,132835,0.9292,12.788,4.849,-0.00867,5.18771,0.2198,0.03197,0.0708
596,610304,133031,0.9184,13.005,5.23,-0.00215,4.26467,0.24175,0.00647,0.0334
597,611328,133244,0.9437,12.962,4.808,-0.00389,3.46144,0.21245,0.00957,0.0554
598,612352,133458,0.9299,12.729,4.78,-0.00353,5.90256,0.2285,0.00665,0.0317
599,613376,133661,0.9409,13.163,5.049,-0.00628,3.59313,0.23347,0.01215,0.0667
600,614400,133861,0.935,13.13,5.105,-0.00461,4.35253,0.22582,0.01261,0.0605
601,615424,134071,0.9095,12.533,4.89,-0.00718,4.51686,0.22953,0.02585,0.0669
602,616448,134277,0.8738,12.073,4.966,-0.00786,6.9021,0.25162,0.00882,0.0635
603,617472,134483,0.9369,13.024,4.971,-0.00295,3.48311,0.21122,0.0125,0.0356
604,618496,134680,0.9695,13.716,5.173,-0.00599,2.68686,0.24736,0.04143,0.0571
605,619520,134887,0.9469,13.159,4.957,-0.00356,3.74813,0.2455,0.01004,0.0405
606,620544,135094,0.942,13.077,4.947,-0.00488,4.5167,0.2583,0.00553,0.043
607,621568,135301,0.913,12.657,4.961,-0.00475,5.82542,0.27605,0.04856,0.0632
608,622592,135503,0.9455,13.243,5.059,-0.00172,3.3424,0.2654,0.00624,0.0405
609,623616,135711,0.9087,12.553,4.923,-0.00765,5.93598,0.24734,0.02908,0.0657
610,624640,135918,0.9179,12.715,4.947,-0.00309,4.72643,0.22371,0.01003,0.0337
611,625664,136121,0.9261,12.951,5.059,-0.00346,4.69934,0.2239,0.00868,0.0674
612,626688,136318,0.8883,12.523,5.198,-0.00252,5.38746,0.22147,0.01487,0.0371
613,627712,136531,0.9343,12.817,4.803,-0.00327,3.08732,0.19825,0.00499,0.0327
614,628736,136732,0.9104,12.751,5.095,-0.00635,5.841,0.23102,0.00782,0.0469
615,629760,136941,0.9282,12.809,4.885,-0.00426,5.7929,0.22618,0.01521,0.0359
616,630784,137136,0.9436,13.421,5.267,-0.00724,3.89236,0.21989,0.00847,0.0623
617,631808,137336,0.935,13.12,5.095,-0.00402,4.75236,0.23936,0.0337,0.0488
618,632832,137549,0.9484,13.047,4.822,-0.00632,3.05609,0.21932,0.00592,0.051
619,633856,137744,0.9128,12.944,5.251,-0.00748,6.78458,0.24008,0.0024,0.0481
620,634880,137953,0.9187,12.665,4.885,-0.00276,4.87738,0.22774,0.00559,0.04
621,635904,138167,0.972,13.388,4.808,-0.00568,2.70563,0.23486,0.00925,0.0613
622,636928,138380,0.9577,13.174,4.808,-0.0042,3.51108,0.24967,0.00546,0.0264
623,637952,138571,0.9215,13.126,5.304,-0.00441,3.92855,0.24221,0.0068,0.0454
624,638976,138772,0.9403,13.254,5.149,-0.00401,3.87504,0.2375,0.02071,0.0676
625,640000,138986,0.9206,12.589,4.78,-0.00367,6.24862,0.22598,0.00548,0.0259
626,641024,139189,0.931,13.02,5.054,-0.00691,4.79687,0.25674,0.00993,0.0647
627,642048,139402,0.9343,12.798,4.784,-0.00549,3.68673,0.26507,0.01405,0.0681
628,643072,139615,0.939,12.892,4.808,-0.00491,3.89414,0.25043,0.02438,0.063
629,644096,139816,0.9353,13.149,5.119,-0.00492,4.73671,0.27569,0.01202,0.0515
630,645120,140010,0.933,13.273,5.278,-0.00933,4.76397,0.27127,0.01079,0.0657
631,646144,140204,0.9072,12.887,5.278,-0.00792,7.07444,0.26083,0.01101,0.0664
632,647168,140402,0.9192,12.949,5.162,-0.00748,6.07059,0.28636,0.00556,0.051
633,648192,140603,0.9453,13.284,5.104,-0.00452,4.2645,0.27056,0.01635,0.0632
634,649216,140812,0.9522,13.177,4.895,-0.00421,3.20433,0.28952,0.01889,0.0715
635,650240,141013,0.9104,12.736,5.08,-0.00771,6.17913,0.27328,0.00798,0.0574
636,651264,141219,0.8981,12.451,4.981,-0.00669,6.88972,0.27439,0.02323,0.0662
637,652288,141438,0.9269,12.58,4.676,-0.00667,4.72957,0.27814,0.006,0.0513
638,653312,141646,0.9038,12.486,4.928,-0.00317,6.28513,0.2723,0.00555,0.0681
639,654336,141844,0.9242,13.015,5.152,-0.00435,4.5312,0.28146,0.01054,0.0715
640,655360,142047,0.931,13.02,5.054,-0.00693,4.48875,0.26843,0.01022,0.0693
641,656384,142241,0.9381,13.34,5.268,-0.00744,4.46701,0.28974,0.00704,0.0601
642,657408,142448,0.8889,12.295,4.961,-0.0086,7.7021,0.31104,0.0199,0.0686
643,658432,142638,0.9368,13.405,5.353,-0.00571,4.98639,0.31036,0.00683,0.0474
644,659456,142850,0.9151,12.594,4.868,-0.00319,5.28935,0.29887,0.00587,0.0527
645,660480,143051,0.9055,12.682,5.1,-0.00736,5.28905,0.30014,0.00401,0.0505
646,661504,143255,0.9608,13.412,5.0,-0.003,3.02268,0.29246,0.00641,0.0657
647,662528,143452,0.9086,12.843,5.213,-0.00846,5.53429,0.30806,0.00913,0.071
648,663552,143661,0.9091,12.531,4.895,-0.00858,6.13392,0.29894,0.03616,0.0579
649,664576,143860,0.9347,13.171,5.151,-0.00861,5.14414,0.31296,0.01229,0.0779
650,665600,144073,0.9108,12.413,4.751,-0.00824,5.7943,0.28952,0.01197,0.063
651,666624,144295,0.9505,12.91,4.653,-0.00484,3.73365,0.27494,0.02349,0.0754
652,667648,144502,0.9469,13.145,4.942,-0.0042,2.74269,0.25942,0.00545,0.0432
653,668672,144695,0.9378,13.368,5.301,-0.00975,4.15345,0.25376,0.01098,0.0708
654,669696,144901,0.932,12.981,5.0,-0.00853,5.34849,0.26733,0.00981,0.0469
655,670720,145101,0.955,13.42,5.095,-0.0073,3.31062,0.25984,0.01491,0.0581
656,671744,145291,0.9526,13.684,5.395,-0.0053,3.39016,0.27118,0.03155,0.0439
657,672768,145486,0.9128,12.938,5.246,-0.00532,5.18677,0.24505,0.00474,0.0732
658,673792,145682,0.9541,13.556,5.245,-0.00912,4.34475,0.25529,0.01346,0.0671
659,674816,145891,0.9426,13.043,4.904,-0.0032,3.77461,0.26564,0.00737,0.0552
660,675840,146093,0.9356,13.099,5.064,-0.00294,4.16864,0.24575,0.00283,0.0449
661,676864,146301,0.899,12.404,4.918,-0.00582,6.8379,0.2587,0.01764,0.04
662,677888,146498,0.9442,13.345,5.183,-0.00801,4.28547,0.25949,0.02333,0.0696
663,678912,146702,0.9412,13.147,5.029,-0.00435,4.0017,0.21975,0.00682,0.043
664,679936,146900,0.904,12.727,5.167,-0.00435,5.2898,0.23212,0.0159,0.0347
665,680960,147089,0.9312,13.381,5.413,-0.00535,4.43073,0.25166,0.0088,0.0393
666,681984,147288,0.9196,12.93,5.136,-0.00779,6.18324,0.25996,0.01464,0.061
667,683008,147495,0.9275,12.86,4.947,-0.00685,3.98213,0.26572,0.01177,0.0542
668,684032,147697,0.9703,13.639,5.084,-0.00381,2.15305,0.23293,0.01528,0.0447
669,685056,147896,0.9648,13.638,5.166,-0.00257,2.1637,0.22148,0.00787,0.0303
670,686080,148092,0.9592,13.602,5.214,-0.0082,3.70875,0.22875,0.0085,0.0459
671,687104,148303,0.9384,12.924,4.848,-0.00488,3.93657,0.22123,0.00276,0.0547
672,688128,148502,0.9548,13.472,5.151,-0.00638,4.41632,0.22596,0.00825,0.0308
673,689152,148704,0.9059,12.644,5.054,-0.0082,6.01373,0.22914,0.01216,0.0364
674,690176,148908,0.9216,12.858,5.034,-0.00461,5.58216,0.21804,0.00447,0.0327
675,691200,149113,0.9415,13.107,4.985,-0.00322,3.2993,0.22469,0.01049,0.0281
676,692224,149325,0.9245,12.717,4.849,-0.00589,4.77288,0.21027,0.008,0.0615
677,693248,149533,0.9615,13.322,4.899,-0.0056,3.61257,0.21108,0.01675,0.0505
678,694272,149733,0.965,13.62,5.145,-0.00053,2.81315,0.20017,0.00462,0.0344
679,695296,149941,0.9375,12.971,4.909,-0.00459,4.52473,0.20088,0.00872,0.0413
680,696320,150159,0.9404,12.798,4.693,-0.00522,4.79736,0.19546,0.00489,0.0298
681,697344,150362,0.9458,13.227,5.039,-0.00582,3.78534,0.22652,0.02427,0.0522
682,698368,150574,0.9292,12.792,4.854,-0.00522,5.40553,0.21576,0.01569,0.04
683,699392,150769,0.9128,12.918,5.226,-0.00254,5.13882,0.24251,0.00727,0.0317
684,700416,150981,0.8962,12.283,4.84,-0.00566,7.14996,0.232,0.00935,0.063
685,701440,151192,0.9289,12.791,4.858,-0.00552,5.77977,0.22882,0.00973,0.0505
686,702464,151390,0.9394,13.273,5.182,-0.00221,3.85658,0.23313,0.01668,0.0349
687,703488,151582,0.8906,12.682,5.323,-0.0028,6.31041,0.23883,0.00259,0.0298
688,704512,151772,0.9263,13.295,5.4,-0.00333,4.2328,0.25457,0.01492,0.0417
689,705536,151973,0.9204,12.881,5.075,-0.00662,4.79661,0.24166,0.01887,0.072
690,706560,152171,0.899,12.672,5.187,-0.00893,6.47575,0.251,0.01766,0.0623
691,707584,152377,0.9417,13.102,4.976,-0.00258,4.49106,0.23251,0.00314,0.0332
692,708608,152573,0.9439,13.378,5.219,-0.00506,3.50536,0.2284,0.04024,0.0518
693,709632,152781,0.9183,12.668,4.894,-0.00679,4.7588,0.23453,0.01579,0.0603
694,710656,152988,0.9469,13.174,4.971,-0.00584,3.80056,0.21435,0.00325,0.0356
695,711680,153189,0.9303,13.025,5.07,-0.00139,3.7173,0.23249,0.00182,0.0308
696,712704,153391,0.9109,12.762,5.099,-0.00113,4.38432,0.20377,0.00398,0.0208
697,713728,153596,0.9561,13.337,4.995,-0.00296,3.50193,0.22046,0.00455,0.033
698,714752,153810,0.9252,12.65,4.771,-0.0021,4.36107,0.20598,0.0096,0.0447
699,715776,154011,0.9353,13.129,5.1,-0.00448,4.17255,0.20725,0.00595,0.0503
700,716800,154222,0.9526,13.128,4.839,-0.00305,2.74853,0.19494,0.01246,0.0293
701,717824,154433,0.9431,13.028,4.882,-0.00271,3.63328,0.20202,0.00494,0.0347
702,718848,154628,0.9436,13.385,5.231,-0.00252,2.99453,0.20326,0.00566,0.0481
703,719872,154821,0.9637,13.772,5.316,-0.00393,2.56501,0.18892,0.00154,0.0542
704,720896,155018,0.9239,13.066,5.208,-0.00673,5.32094,0.21196,0.00932,0.043
705,721920,155230,0.9434,12.976,4.825,-0.00867,4.82208,0.18941,0.02396,0.0437
706,722944,155429,0.9548,13.472,5.151,-0.00478,3.36278,0.18871,0.00613,0.0393
707,723968,155624,0.9231,13.072,5.226,-0.00643,5.43879,0.21426,0.00356,0.0405
708,724992,155834,0.9286,12.824,4.895,-0.00429,4.86,0.20413,0.00414,0.0354
709,726016,156036,0.9406,13.153,5.045,-0.00412,3.70927,0.20984,0.00279,0.0464
710,727040,156237,0.9303,13.08,5.124,-0.00842,3.97872,0.19586,0.01293,0.0537
711,728064,156442,0.9073,12.6,4.99,-0.00679,4.9537,0.19768,0.01977,0.0535
712,729088,156639,0.9086,12.812,5.183,-0.00366,4.65386,0.19554,0.00512,0.0347
713,730112,156845,0.9175,12.743,4.981,-0.00403,4.77881,0.20438,0.0036,0.0371
714,731136,157041,0.9235,13.082,5.23,-0.00374,4.79247,0.20544,0.00782,0.0332
715,732160,157245,0.9363,13.059,5.015,-0.0035,4.37486,0.19404,0.01005,0.0383
716,733184,157447,0.9109,12.723,5.059,-0.00453,6.2245,0.20242,0.01143,0.0447
717,734208,157644,0.9695,13.706,5.162,-0.00321,2.70309,0.21129,0.00653,0.0425
718,735232,157843,0.9598,13.598,5.201,-0.00109,2.70084,0.2068,0.00157,0.0229
719,736256,158048,0.9415,13.117,4.995,-0.00432,4.28811,0.20768,0.00906,0.041
720,737280,158248,0.945,13.275,5.1,-0.00239,3.64617,0.21342,0.00596,0.0151
721,738304,158456,0.9231,12.779,4.933,-0.00409,5.21442,0.21685,0.0073,0.0405
722,739328,158646,0.9263,13.284,5.389,-0.00184,3.74023,0.21704,0.00248,0.0232
723,740352,158857,0.9147,12.564,4.844,-0.00505,5.05669,0.20506,0.01614,0.0571
724,741376,159046,0.9418,13.55,5.423,-0.002,3.81384,0.21951,0.00334,0.033
725,742400,159251,0.9366,13.029,4.98,-0.00597,4.70694,0.20933,0.01109,0.0535
726,743424,159470,0.9543,13.014,4.699,-0.00701,4.1391,0.21452,0.00838,0.0447
727,744448,159671,0.9204,12.9,5.095,-0.00543,4.91259,0.20352,0.00388,0.0325
728,745472,159870,0.9397,13.241,5.146,-0.00821,5.31204,0.20077,0.01108,0.0481
729,746496,160084,0.9299,12.738,4.79,-0.00835,4.40935,0.19838,0.01633,0.0393
730,747520,160290,0.9175,12.714,4.951,-0.00485,4.64359,0.18589,0.04145,0.0423
731,748544,160497,0.9275,12.855,4.942,-0.00444,5.38972,0.18809,0.01067,0.0496
732,749568,160715,0.9128,12.413,4.72,-0.00339,4.93169,0.17397,0.0037,0.04
733,750592,160919,0.9363,13.039,4.995,-0.00372,4.40075,0.20395,0.00304,0.0256
734,751616,161119,0.95,13.385,5.135,-0.00459,3.70435,0.19367,0.00726,0.0527
735,752640,161316,0.9137,12.904,5.198,-0.00314,5.07999,0.19161,0.00389,0.0354
736,753664,161524,0.9279,12.837,4.918,-0.00604,4.60546,0.20192,0.00778,0.0479
737,754688,161733,0.9522,13.191,4.909,-0.00387,2.76569,0.19315,0.00453,0.0356
738,755712,161930,0.9543,13.508,5.193,-0.00379,2.90772,0.20409,0.00806,0.0374
739,756736,162135,0.9317,12.966,4.99,-0.00356,4.38512,0.19337,0.01442,0.0413
740,757760,162349,0.9579,13.168,4.799,-0.00404,3.57561,0.19884,0.00293,0.0361
741,758784,162542,0.9482,13.508,5.285,-0.00344,3.22039,0.20053,0.00624,0.04
742,759808,162746,0.9461,13.221,5.029,-0.0048,4.06977,0.2031,0.00826,0.0393
743,760832,162951,0.961,13.405,4.99,-0.00275,2.9911,0.19334,0.00222,0.0293
744,761856,163162,0.9242,12.725,4.863,-0.00605,5.142,0.19508,0.00713,0.0408
745,762880,163372,0.9429,13.005,4.862,-0.00291,3.90452,0.21207,0.00222,0.0354
746,763904,163577,0.9317,12.98,5.005,-0.00386,4.42877,0.20452,0.00194,0.0417
747,764928,163783,0.966,13.461,4.971,-0.00523,2.67887,0.21014,0.00382,0.0415
748,765952,163990,0.9372,13.014,4.957,-0.00575,4.07452,0.21258,0.00971,0.0515
749,766976,164182,0.9427,13.464,5.323,-0.0066,4.03883,0.23389,0.01449,0.0522
750,768000,164380,0.9343,13.182,5.167,-0.00478,3.97292,0.20718,0.00576,0.0396
751,769024,164578,0.9242,13.03,5.167,-0.00294,3.94564,0.20868,0.00397,0.0276
752,770048,164796,0.945,12.881,4.706,-0.00922,4.51118,0.21212,0.01021,0.0806
753,771072,164989,0.9482,13.539,5.316,-0.00919,3.9228,0.24877,0.00955,0.0454
754,772096,165195,0.932,12.908,4.927,-0.00639,4.91663,0.20213,0.01335,0.0322
755,773120,165396,0.9055,12.711,5.129,-0.00331,5.04729,0.19865,0.00411,0.0347
756,774144,165598,0.9455,13.233,5.05,-0.00262,2.6717,0.21929,0.00316,0.052
757,775168,165800,0.9455,13.282,5.099,-0.00355,4.179,0.22701,0.01381,0.0405
758,776192,166016,0.9398,12.819,4.722,-0.00553,3.32967,0.18821,0.00745,0.0442
759,777216,166221,0.961,13.424,5.01,-0.00204,2.44577,0.1921,0.00063,0.021
760,778240,166436,0.9349,12.791,4.767,-0.00288,3.91782,0.18683,0.00197,0.0193
761,779264,166635,0.9146,12.864,5.146,-0.00561,6.3144,0.21006,0.00201,0.0388
762,780288,166846,0.9573,13.209,4.848,-0.00311,3.1516,0.20776,0.00857,0.0483
763,781312,167034,0.9415,13.548,5.426,-0.00186,3.24363,0.21331,0.00782,0.0291
764,782336,167240,0.9369,13.044,4.99,-0.00217,3.8851,0.20984,0.00936,0.0322
765,783360,167439,0.9397,13.221,5.126,-0.00739,5.19158,0.21541,0.01647,0.061
766,784384,167642,0.9754,13.685,5.054,-0.00411,2.69711,0.21292,0.00631,0.0264
767,785408,167847,0.9463,13.2,5.005,-0.00591,3.69759,0.21903,0.00854,0.051
768,786432,168044,0.9797,13.878,5.183,-0.00433,1.66102,0.23528,0.02109,0.0464
769,787456,168242,0.9596,13.586,5.192,-0.00082,3.02237,0.24198,0.0031,0.0442
770,788480,168443,0.9303,13.04,5.085,-0.00726,5.30729,0.22086,0.00879,0.0398
771,789504,168661,0.9174,12.468,4.706,-0.00316,4.32853,0.21035,0.00354,0.021
772,790528,168868,0.9275,12.845,4.932,-0.00496,4.14902,0.23599,0.00723,0.0378
773,791552,169063,0.9231,13.072,5.226,-0.00482,5.06698,0.23976,0.01135,0.0471
774,792576,169267,0.9657,13.534,5.049,-0.00424,2.51557,0.22527,0.00603,0.0576
775,793600,169476,0.9282,12.809,4.885,-0.00145,4.52723,0.22388,0.00284,0.0161
776,794624,169677,0.9005,12.627,5.119,-0.00024,4.85843,0.22875,0.00601,0.0225
777,795648,169876,0.9648,13.603,5.131,-0.0034,2.57467,0.2026,0.00359,0.02
778,796672,170089,0.9484,13.023,4.798,-0.0016,3.0151,0.19059,0.00285,0.0166
779,797696,170290,0.9502,13.353,5.1,-0.00288,3.80083,0.19307,0.01048,0.0415
780,798720,170504,0.9533,13.098,4.799,-0.00527,2.82247,0.19881,0.00655,0.051
781,799744,170692,0.9415,13.527,5.404,-0.00252,3.8809,0.21127,0.00093,0.0276
782,800768,170909,0.9447,12.922,4.751,-0.00349,3.55856,0.21154,0.00585,0.0403
783,801792,171107,0.9343,13.152,5.136,-0.00345,4.53655,0.21886,0.00746,0.0366
784,802816,171307,0.965,13.615,5.14,-0.00552,3.64796,0.22856,0.01179,0.0356
785,803840,171503,0.9439,13.403,5.245,-0.00344,3.18367,0.23192,0.00463,0.031
786,804864,171707,0.951,13.284,5.02,-0.0039,3.42113,0.20481,0.01239,0.064
787,805888,171905,0.9697,13.712,5.167,-0.00164,2.02497,0.19697,0.00292,0.0242
788,806912,172104,0.9598,13.538,5.141,-0.00342,2.58532,0.1865,0.00304,0.0408
789,807936,172317,0.939,12.901,4.817,-0.00278,3.96397,0.19412,0.00122,0.0281
790,808960,172516,0.9196,12.935,5.141,-0.00283,5.46098,0.18493,0.001,0.0198
791,809984,172717,0.9602,13.498,5.095,-0.00464,3.29362,0.1883,0.00473,0.0322
792,811008,172925,0.9279,12.841,4.923,-0.00156,4.57352,0.17871,0.00299,0.0315
793,812032,173122,0.9239,13.051,5.193,-0.00256,4.52769,0.18108,0.00331,0.0298
794,813056,173338,0.9213,12.569,4.75,-0.00293,4.92728,0.1875,0.00489,0.0244
795,814080,173540,0.9406,13.144,5.035,-0.00296,4.1984,0.20741,0.00671,0.0386
796,815104,173740,0.945,13.33,5.155,-0.00307,3.89089,0.20608,0.00238,0.0286
797,816128,173942,0.9356,13.064,5.03,-0.00569,4.71967,0.21136,0.01215,0.0361
798,817152,174153,0.9194,12.678,4.886,-0.00567,4.76432,0.20138,0.01515,0.0464
799,818176,174362,0.9522,13.148,4.866,-0.00439,2.71101,0.21251,0.01032,0.0537
800,819200,174576,0.9393,12.907,4.818,-0.00482,4.04876,0.21511,0.01319,0.0339
801,820224,174785,0.9426,13.038,4.9,-0.0023,3.24891,0.19949,0.00509,0.0186
802,821248,174975,0.9579,13.742,5.374,-0.0029,2.5925,0.20306,0.00547,0.0315
803,822272,175169,0.9536,13.593,5.289,-0.00369,3.12563,0.19851,0.01109,0.0405
804,823296,175362,0.9689,13.855,5.321,-0.00326,2.14828,0.2155,0.00254,0.0391
805,824320,175565,0.9655,13.522,5.039,-0.00295,3.34367,0.21937,0.00842,0.0547
806,825344,175776,0.9242,12.664,4.801,-0.00325,4.87503,0.22918,0.00495,0.0205
807,826368,175991,0.9488,13.051,4.819,-0.00349,3.35184,0.22405,0.00591,0.0315
808,827392,176195,0.9265,12.902,5.005,-0.00213,4.09283,0.22548,0.00244,0.0264
809,828416,176397,0.9505,13.342,5.084,-0.00492,3.87732,0.23545,0.00913,0.0435
810,829440,176596,0.9296,13.05,5.106,-0.00322,3.10115,0.23984,0.00519,0.0293
811,830464,176788,0.9323,13.349,5.365,-0.00478,4.07512,0.26049,0.00587,0.0708
812,831488,176984,0.9541,13.52,5.209,-0.00311,3.08056,0.23823,0.01399,0.0293
813,832512,177177,0.9534,13.622,5.321,-0.0023,3.50713,0.23904,0.00349,0.032
814,833536,177388,0.9194,12.654,4.863,-0.00702,4.8939,0.2574,0.00932,0.0439
815,834560,177578,0.9632,13.8,5.353,-0.00569,2.8992,0.24015,0.01439,0.0505
816,835584,177772,0.9021,12.84,5.309,-0.00632,6.35844,0.22978,0.00716,0.0471
817,836608,177966,0.9433,13.402,5.253,-0.00209,3.21985,0.23184,0.00551,0.0286
818,837632,178182,0.9722,13.306,4.722,-0.00192,3.11507,0.22315,0.00535,0.0278
819,838656,178378,0.9184,13.031,5.255,-0.00436,4.44661,0.23342,0.00514,0.0476
820,839680,178580,0.9158,12.827,5.089,-0.00309,5.22836,0.23665,0.00604,0.0305
821,840704,178785,0.9512,13.244,4.976,-0.00742,3.73616,0.22808,0.03819,0.0498
822,841728,178992,0.9275,12.85,4.937,-0.00562,4.38329,0.2092,0.00342,0.0305
823,842752,179198,0.9417,13.121,4.995,-0.00366,4.9144,0.2186,0.00444,0.0232
824,843776,179395,0.9137,12.868,5.162,-0.00256,4.76175,0.21047,0.00291,0.021
825,844800,179603,0.9471,13.163,4.957,-0.00357,3.44045,0.19865,0.00841,0.0239
826,845824,179802,0.9296,13.095,5.151,-0.0026,3.77193,0.21096,0.00364,0.0342
827,846848,179999,0.9442,13.34,5.178,-0.00458,3.9814,0.20509,0.00951,0.0308
828,847872,180197,0.9545,13.495,5.177,-0.0034,2.45961,0.21942,0.00479,0.0388
829,848896,180399,0.9406,13.193,5.084,-0.00417,4.02801,0.20822,0.00536,0.0496
830,849920,180597,0.9293,13.101,5.162,-0.00395,4.58611,0.19362,0.00362,0.054
831,850944,180800,0.936,13.084,5.044,-0.00127,3.81315,0.20722,0.00527,0.0212
832,851968,181006,0.932,12.947,4.966,-0.00319,3.90694,0.20383,0.0024,0.0312
833,852992,181209,0.9458,13.236,5.049,-0.00327,3.46783,0.19876,0.00617,0.0259
834,854016,181394,0.9514,13.805,5.535,-0.00283,2.45048,0.21828,0.00706,0.0391
835,855040,181600,0.9612,13.379,4.961,-0.00306,3.09283,0.20797,0.00675,0.0308
836,856064,181801,0.9303,13.06,5.104,-0.00397,4.88723,0.21485,0.00631,0.0364
837,857088,181996,0.9487,13.492,5.262,-0.00581,3.3587,0.21424,0.00471,0.0454
838,858112,182192,0.9643,13.684,5.219,-0.00352,2.6276,0.23859,0.01104,0.0403
839,859136,182399,0.9372,13.01,4.952,-0.00091,4.51206,0.22503,0.00481,0.0349
840,860160,182590,0.9529,13.654,5.361,-0.00195,3.31916,0.2445,0.0061,0.0366
841,861184,182796,0.9369,13.019,4.966,-0.00142,3.68004,0.24015,0.00449,0.0256
842,862208,182989,0.9275,13.192,5.28,-0.00463,4.12634,0.24613,0.03226,0.0508
843,863232,183191,0.9406,13.208,5.099,-0.00655,4.16897,0.23205,0.00641,0.04
844,864256,183383,0.9531,13.604,5.307,-0.00448,2.71376,0.22252,0.00691,0.0527
845,865280,183588,0.922,12.849,5.02,-0.00442,5.03575,0.20963,0.00392,0.0237
846,866304,183773,0.9514,13.795,5.524,-0.00434,3.41028,0.20725,0.00494,0.0251
847,867328,183975,0.9307,13.035,5.074,-0.00401,4.95108,0.2004,0.00298,0.0361
848,868352,184167,0.9271,13.234,5.328,-0.00278,4.26675,0.21896,0.00398,0.0291
849,869376,184369,0.9307,13.025,5.064,-0.00294,3.95905,0.22029,0.00365,0.0317
850,870400,184567,0.9394,13.268,5.177,-0.00425,4.08668,0.22338,0.006,0.0413
851,871424,184755,0.9521,13.713,5.431,-0.00344,3.39021,0.22058,0.00354,0.0266
852,872448,184963,0.9279,12.861,4.942,-0.00145,4.3147,0.23502,0.00139,0.019
853,873472,185168,0.9317,12.966,4.99,-0.00113,3.49587,0.19681,0.00208,0.0139
854,874496,185358,0.9526,13.653,5.363,-0.00162,2.56664,0.20672,0.00299,0.0435
855,875520,185563,0.9073,12.629,5.02,-0.00483,5.6607,0.20215,0.01377,0.0469
856,876544,185757,0.9227,13.113,5.273,-0.00763,4.65722,0.18484,0.01639,0.051
857,877568,185977,0.9318,12.632,4.655,-0.00636,4.72344,0.19555,0.01101,0.0405
858,878592,186182,0.961,13.42,5.005,-0.00156,2.61774,0.18409,0.00488,0.0193
859,879616,186379,0.9391,13.289,5.203,-0.00349,4.22575,0.19432,0.00093,0.0237
860,880640,186591,0.934,12.83,4.821,-0.00202,3.65517,0.17848,0.00521,0.0254
861,881664,186806,0.9488,12.986,4.753,-0.00559,4.02462,0.20872,0.00859,0.0378
862,882688,187008,0.9505,13.347,5.089,-0.0053,3.67851,0.19037,0.00143,0.0234
863,883712,187214,0.9612,13.388,4.971,-0.00272,3.00427,0.19676,0.00476,0.0247
864,884736,187403,0.963,13.862,5.418,-0.00414,2.62425,0.19425,0.01094,0.042
865,885760,187589,0.9516,13.753,5.478,-0.00255,3.03464,0.1986,0.01488,0.0361
866,886784,187785,0.9286,13.117,5.189,-0.00384,5.33816,0.20587,0.0033,0.0347
867,887808,187974,0.9577,13.847,5.481,-0.0053,3.57729,0.18857,0.00728,0.0229
868,888832,188174,0.955,13.43,5.105,-0.0062,3.92396,0.19635,0.01435,0.0339
869,889856,188375,0.9254,12.955,5.075,-0.00284,4.86643,0.18973,0.0021,0.0173
870,890880,188583,0.9279,12.87,4.952,-0.00431,3.9775,0.18116,0.00773,0.0486
871,891904,188795,0.9434,12.976,4.825,-0.00539,4.30662,0.17412,0.00296,0.0166
872,892928,188996,0.9502,13.353,5.1,-0.00444,2.89906,0.17744,0.0045,0.0342
873,893952,189193,0.9645,13.655,5.188,-0.00212,2.61673,0.18538,0.01691,0.0139
874,894976,189409,0.9444,12.917,4.75,-0.00349,4.3423,0.17996,0.00935,0.0215
875,896000,189604,0.959,13.641,5.256,-0.00224,2.51581,0.17746,0.00185,0.0154
876,897024,189811,0.9517,13.198,4.923,-0.00304,2.69254,0.18252,0.01176,0.0342
877,898048,190002,0.9529,13.665,5.372,-0.00143,2.61746,0.18335,0.00149,0.0178
878,899072,190209,0.9469,13.159,4.957,-0.00137,3.63102,0.15923,0.00115,0.0134
879,900096,190408,0.9497,13.392,5.146,-0.00136,2.84164,0.18194,0.00448,0.0159
880,901120,190606,0.9343,13.192,5.177,-0.00285,3.43945,0.19664,0.0103,0.0266
881,902144,190813,0.9227,12.754,4.913,-0.00341,4.45522,0.19131,0.02004,0.0298
882,903168,191015,0.9406,13.203,5.094,-0.00429,3.21467,0.19053,0.00509,0.05
883,904192,191212,0.9543,13.503,5.188,-0.00335,3.31924,0.19813,0.00377,0.0339
884,905216,191419,0.9324,12.947,4.961,-0.00165,4.60289,0.19491,0.00415,0.021
885,906240,191620,0.9154,12.831,5.1,-0.00326,4.10845,0.18384,0.00442,0.0203
886,907264,191829,0.9426,13.038,4.9,-0.0035,3.78836,0.17883,0.00141,0.0198
887,908288,192029,0.95,13.36,5.11,-0.00163,2.91733,0.18694,0.00587,0.0205
888,909312,192223,0.9691,13.82,5.284,-0.00496,3.09686,0.18771,0.00523,0.0254
889,910336,192413,0.9421,13.505,5.374,-0.0063,4.41871,0.19489,0.00364,0.0264
890,911360,192616,0.9212,12.882,5.064,-0.00411,5.06314,0.17705,0.00381,0.0205
891,912384,192810,0.9227,13.113,5.273,-0.002,3.84869,0.2,0.00353,0.0291
892,913408,193003,0.9534,13.611,5.311,-0.00464,4.009,0.22002,0.00572,0.0349
893,914432,193203,0.935,13.135,5.11,-0.00647,4.27423,0.19419,0.00689,0.022
894,915456,193404,0.9403,13.189,5.085,-0.00285,4.03024,0.17801,0.00995,0.0247
895,916480,193600,0.9286,13.173,5.245,-0.00708,4.81866,0.20341,0.01263,0.0439
896,917504,193791,0.9843,14.105,5.34,-0.00342,1.61388,0.20511,0.00595,0.0312
897,918528,193988,0.9289,13.152,5.218,-0.00627,5.39435,0.21744,0.01107,0.0342
898,919552,194194,0.9515,13.233,4.961,-0.00209,3.54846,0.20564,0.00474,0.022
899,920576,194400,0.9126,12.665,4.976,-0.0034,6.07321,0.20602,0.00351,0.0322
900,921600,194587,0.9572,13.813,5.455,-0.00557,3.23259,0.21129,0.01424,0.0332
901,922624,194803,0.9306,12.708,4.75,-0.00248,5.54404,0.19717,0.0033,0.0249
902,923648,195014,0.9479,13.066,4.848,-0.00737,3.53198,0.19861,0.00945,0.0479
903,924672,195212,0.9596,13.571,5.177,-0.00094,2.92464,0.17748,0.00219,0.0122
904,925696,195411,0.9497,13.407,5.161,-0.00144,3.41785,0.20119,0.00334,0.0195
905,926720,195613,0.9059,12.658,5.069,-0.00521,4.74398,0.19497,0.01843,0.0317
906,927744,195824,0.9336,12.844,4.839,-0.00484,4.0488,0.18059,0.00403,0.0444
907,928768,196038,0.9439,12.935,4.776,-0.00525,3.70304,0.19463,0.01153,0.0364
908,929792,196243,0.9659,13.502,5.015,-0.00154,3.02419,0.21456,0.00379,0.0356
909,930816,196437,0.9124,12.964,5.278,-0.00218,5.25829,0.20238,0.00282,0.0254
910,931840,196632,0.9436,13.4,5.246,-0.00281,3.928,0.212,0.00198,0.0334
911,932864,196825,0.943,13.43,5.285,-0.00863,3.99166,0.18769,0.01048,0.0457
912,933888,197026,0.9552,13.428,5.1,-0.0023,3.23488,0.19209,0.00362,0.0229
913,934912,197223,0.9442,13.386,5.223,-0.00304,4.24542,0.18277,0.00225,0.0186
914,935936,197421,0.9545,13.475,5.157,-0.00356,3.06934,0.17003,0.00365,0.0198
915,936960,197613,0.9531,13.635,5.339,-0.00429,2.89632,0.19135,0.0039,0.0396
916,937984,197806,0.9067,12.886,5.285,-0.00417,5.12622,0.1744,0.0025,0.0198
917,939008,198013,0.9324,12.961,4.976,-0.00452,4.37571,0.17582,0.02637,0.0356
918,940032,198217,0.9461,13.181,4.99,-0.00414,3.64232,0.17321,0.00513,0.0229
919,941056,198413,0.9541,13.556,5.245,-0.00544,3.34204,0.19595,0.00608,0.0586
920,942080,198602,0.9365,13.466,5.418,-0.00221,4.10179,0.1918,0.01265,0.0271
921,943104,198806,0.9657,13.505,5.02,-0.00168,1.9386,0.18826,0.00602,0.0229
922,944128,199007,0.9104,12.761,5.104,-0.00262,4.64182,0.18017,0.00265,0.0154
923,945152,199213,0.9223,12.791,4.956,-0.0023,4.45749,0.17846,0.00239,0.0146
924,946176,199411,0.9495,13.414,5.172,-0.00276,3.0918,0.19482,0.00541,0.0154
925,947200,199602,0.9738,13.979,5.372,-0.00366,2.17433,0.18948,0.0049,0.0359
926,948224,199782,0.9722,14.25,5.667,-0.00279,2.76531,0.18186,0.01358,0.031
927,949248,199984,0.9406,13.188,5.079,-0.00171,3.32621,0.16643,0.00173,0.0151
928,950272,200188,0.9314,12.995,5.025,-0.00581,4.54482,0.19671,0.0351,0.0481
929,951296,200398,0.9429,13.014,4.871,-0.00434,3.26507,0.21951,0.00447,0.0334
930,952320,200595,0.9391,13.279,5.193,-0.00259,3.60989,0.20635,0.00386,0.0222
931,953344,200790,0.9487,13.503,5.272,-0.00517,3.57713,0.20986,0.0045,0.0271
932,954368,200996,0.932,12.951,4.971,-0.00161,3.64817,0.18821,0.00934,0.0269
933,955392,201191,0.9692,13.779,5.241,-0.00234,2.52373,0.1818,0.00503,0.0251
934,956416,201383,0.9167,13.062,5.312,-0.00263,4.62069,0.20238,0.00465,0.0251
935,957440,201583,0.94,13.25,5.15,-0.00262,3.8379,0.19904,0.00451,0.0352
936,958464,201782,0.9598,13.538,5.141,-0.00221,2.98165,0.19675,0.00877,0.0366
937,959488,201976,0.9588,13.644,5.263,-0.00367,3.04341,0.19416,0.00497,0.0225
938,960512,202164,0.9415,13.585,5.463,-0.00385,3.56951,0.19909,0.00484,0.0354
939,961536,202370,0.9466,13.175,4.976,-0.00576,4.00014,0.22226,0.00429,0.0391
940,962560,202575,0.9268,12.888,4.985,-0.00587,4.67417,0.20165,0.00843,0.0349
941,963584,202774,0.9598,13.528,5.131,-0.00279,2.58439,0.19726,0.00716,0.0215
942,964608,202966,0.9479,13.568,5.349,-0.00565,4.39118,0.21684,0.00525,0.0334
943,965632,203173,0.9179,12.691,4.923,-0.00403,5.29709,0.2009,0.00451,0.0242
944,966656,203375,0.9208,12.881,5.069,-0.0024,4.41777,0.20465,0.00452,0.0234
945,967680,203565,0.9263,13.316,5.421,-0.00165,3.48165,0.20561,0.00218,0.0298
946,968704,203777,0.9623,13.264,4.83,-0.00238,2.46178,0.1991,0.00406,0.0161
947,969728,203978,0.9204,12.891,5.085,-0.00377,4.58301,0.19004,0.0046,0.0354
948,970752,204179,0.9154,12.816,5.085,-0.00261,4.61421,0.19355,0.0021,0.0242
949,971776,204382,0.936,13.084,5.044,-0.0025,3.90302,0.20117,0.00217,0.0215
950,972800,204575,0.943,13.43,5.285,-0.00337,3.05023,0.18989,0.00421,0.0227
951,973824,204784,0.9378,12.981,4.914,-0.00268,3.94095,0.1806,0.0019,0.0173
952,974848,204976,0.9271,13.224,5.318,-0.00371,3.5316,0.19452,0.00685,0.0293
953,975872,205177,0.9353,13.154,5.124,-0.00232,4.35771,0.19142,0.00241,0.0168
954,976896,205371,0.9536,13.567,5.263,-0.00461,3.46392,0.18159,0.01475,0.0352
955,977920,205563,0.9271,13.271,5.365,-0.00464,4.58106,0.19051,0.00753,0.0254
956,978944,205771,0.9519,13.188,4.909,-0.00737,3.89359,0.1912,0.01708,0.0481
957,979968,205984,0.9624,13.23,4.793,-0.00261,2.64351,0.19817,0.00284,0.0247
958,980992,206197,0.9531,13.127,4.831,-0.00412,3.19853,0.20943,0.00552,0.0283
959,982016,206405,0.9231,12.755,4.909,-0.00302,4.16318,0.19059,0.0023,0.0273
960,983040,206616,0.9242,12.725,4.863,-0.00296,4.57175,0.2188,0.00357,0.0215
961,984064,206803,0.9412,13.599,5.481,-0.00365,3.15532,0.21041,0.00337,0.0198
962,985088,207000,0.9695,13.726,5.183,-0.00317,2.73511,0.22039,0.00481,0.0278
963,986112,207195,0.9641,13.723,5.262,-0.00449,2.80136,0.22404,0.00936,0.0413
964,987136,207406,0.9289,12.782,4.848,-0.00659,4.87815,0.22311,0.00629,0.0354
965,988160,207614,0.9183,12.702,4.928,-0.0029,4.31115,0.24601,0.0023,0.0171
966,989184,207813,0.9347,13.151,5.131,-0.00455,3.41106,0.21777,0.00408,0.019
967,990208,208009,0.9184,13.015,5.24,-0.00542,6.08292,0.20759,0.00208,0.02
968,991232,208214,0.9463,13.2,5.005,-0.00315,3.18373,0.22936,0.0091,0.0215
969,992256,208414,0.935,13.105,5.08,-0.00644,3.96864,0.25477,0.00712,0.0493
970,993280,208615,0.9453,13.303,5.124,-0.00478,3.86351,0.25936,0.01203,0.0339
971,994304,208817,0.9158,12.807,5.069,-0.00583,5.07114,0.269,0.00633,0.0537
972,995328,209034,0.9032,12.267,4.719,-0.00739,5.44542,0.2503,0.00764,0.0618
973,996352,209241,0.9517,13.232,4.957,-0.00672,3.64355,0.25391,0.01192,0.0498
974,997376,209443,0.9406,13.153,5.045,-0.00744,4.87977,0.25148,0.01318,0.053
975,998400,209638,0.9128,12.954,5.262,-0.00463,4.86106,0.25068,0.00717,0.03
976,999424,209827,0.9365,13.471,5.423,-0.00409,3.84017,0.24729,0.00161,0.0295
977,1000448,210022,0.959,13.631,5.246,-0.00228,2.38655,0.22309,0.00678,0.0193
978,1001472,210226,0.9461,13.201,5.01,-0.00484,3.64092,0.23943,0.00395,0.0376
979,1002496,210442,0.9213,12.583,4.764,-0.00152,5.13119,0.23721,0.00253,0.01
980,1003520,210650,0.9279,12.822,4.904,-0.00338,3.6687,0.23756,0.00894,0.0356
981,1004544,210873,0.9417,12.731,4.605,-0.00662,4.01893,0.21765,0.00862,0.0398
982,1005568,211066,0.9275,13.207,5.295,-0.00417,3.83931,0.21133,0.00371,0.0176
983,1006592,211257,0.9267,13.262,5.361,-0.00257,3.6487,0.21394,0.00559,0.0149
984,1007616,211460,0.936,13.084,5.044,-0.00648,5.26573,0.20141,0.01216,0.0276
985,1008640,211664,0.951,13.299,5.034,-0.00401,3.57266,0.21251,0.0025,0.0178
986,1009664,211861,0.9289,13.107,5.173,-0.00359,4.25647,0.21138,0.00516,0.03
987,1010688,212056,0.9179,13.046,5.277,-0.00159,4.26873,0.2209,0.00306,0.0232
988,1011712,212256,0.925,12.975,5.1,-0.00723,5.08748,0.21649,0.0059,0.043
989,1012736,212451,0.9333,13.267,5.267,-0.00346,3.20762,0.20815,0.00255,0.0144
990,1013760,212646,0.9385,13.328,5.251,-0.00263,3.56025,0.22124,0.00482,0.0217
991,1014784,212838,0.9219,13.135,5.307,-0.00229,3.95441,0.20583,0.01593,0.0237
992,1015808,213032,0.9278,13.196,5.278,-0.00648,4.53853,0.21277,0.01292,0.0383
993,1016832,213231,0.8995,12.638,5.146,-0.00724,6.49488,0.21736,0.00213,0.0256
994,1017856,213434,0.931,13.034,5.069,-0.00181,4.62802,0.22577,0.00396,0.0186
995,1018880,213640,0.932,12.947,4.966,-0.00353,4.6467,0.20239,0.00333,0.0281
996,1019904,213838,0.9293,13.096,5.157,-0.00394,4.27466,0.21343,0.00429,0.0427
997,1020928,214018,0.9722,14.278,5.694,-0.00335,2.1528,0.21516,0.00479,0.0264
998,1021952,214205,0.9251,13.369,5.492,-0.00122,3.72655,0.20529,0.00131,0.0149
999,1022976,214402,0.9492,13.437,5.198,-0.00439,2.93008,0.21855,0.00447,0.051
1000,1024000,214600,0.9293,13.111,5.172,-0.00525,4.08198,0.19984,0.01143,0.0356
1001,1025024,214803,0.9261,12.936,5.044,-0.00348,4.33555,0.20606,0.01025,0.0256
1002,1026048,214999,0.9388,13.311,5.23,-0.00251,3.02125,0.19802,0.00744,0.0237
1003,1027072,215198,0.9196,12.94,5.146,-0.00645,4.99155,0.20487,0.00435,0.0312
1004,1028096,215388,0.9526,13.679,5.389,-0.00386,2.88308,0.20011,0.00425,0.0247
1005,1029120,215592,0.9608,13.412,5.0,-0.00462,3.37029,0.19198,0.00603,0.0256
1006,1030144,215793,0.9403,13.179,5.075,-0.00268,2.16824,0.20301,0.00452,0.0249
1007,1031168,215990,0.9086,12.838,5.208,-0.00563,5.64823,0.1923,0.00473,0.032
1008,1032192,216192,0.9505,13.347,5.089,-0.00371,2.76964,0.20096,0.0101,0.0242
1009,1033216,216396,0.9706,13.588,5.029,-0.00403,2.64811,0.18333,0.00728,0.022
1010,1034240,216595,0.9497,13.347,5.101,-0.00238,2.90926,0.19227,0.00368,0.0195
1011,1035264,216808,0.9484,13.042,4.817,-0.00195,3.82368,0.19304,0.00475,0.0269
1012,1036288,217006,0.9747,13.823,5.202,-0.00402,2.4283,0.20808,0.00424,0.0281
1013,1037312,217207,0.9453,13.279,5.1,-0.00275,3.73026,0.21272,0.00554,0.0286
1014,1038336,217401,0.9588,13.66,5.278,-0.00161,2.86506,0.21493,0.00514,0.0215
1015,1039360,217602,0.9254,12.97,5.09,-0.00431,4.88505,0.18871,0.01611,0.0276
1016,1040384,217789,0.9412,13.572,5.455,-0.00358,3.64156,0.21429,0.00707,0.0234
1017,1041408,217994,0.9512,13.254,4.985,-0.00365,3.35682,0.21618,0.01442,0.0222
1018,1042432,218200,0.9175,12.748,4.985,-0.00234,4.91942,0.24243,0.00308,0.0225
1019,1043456,218403,0.931,13.025,5.059,-0.00493,4.69354,0.24556,0.00355,0.0432
1020,1044480,218599,0.9439,13.367,5.209,-0.00623,3.46972,0.22542,0.00238,0.0464
1021,1045504,218795,0.9439,13.388,5.23,-0.00444,4.00099,0.23359,0.00257,0.0259
1022,1046528,218993,0.9444,13.343,5.177,-0.00339,4.18557,0.22692,0.00324,0.0225
1023,1047552,219193,0.95,13.375,5.125,-0.00268,3.48905,0.22038,0.01043,0.0254
1024,1048576,219386,0.9378,13.378,5.311,-0.00874,4.99452,0.21115,0.0095,0.0513
1025,1049600,219576,0.9316,13.332,5.358,-0.00554,5.34489,0.227,0.00728,0.0444
1026,1050624,219772,0.9388,13.337,5.255,-0.00787,5.53285,0.22784,0.0068,0.0281
1027,1051648,219967,0.9231,13.092,5.246,-0.00456,4.8383,0.21531,0.00507,0.0186
1028,1052672,220157,0.9211,13.189,5.374,-0.00341,4.6716,0.20272,0.00937,0.02
1029,1053696,220356,0.9246,13.025,5.156,-0.00448,5.65554,0.20893,0.00836,0.0215
1030,1054720,220547,0.9634,13.806,5.356,-0.00444,3.62895,0.20693,0.00833,0.032
1031,1055744,220750,0.9409,13.167,5.054,-0.00625,4.1141,0.20888,0.00427,0.04
1032,1056768,220947,0.9543,13.503,5.188,-0.00191,3.38005,0.20385,0.00216,0.0193
1033,1057792,221145,0.9343,13.202,5.187,-0.00237,3.93399,0.21449,0.00195,0.021
1034,1058816,221342,0.9289,13.117,5.183,-0.00492,4.45942,0.21176,0.00453,0.0266
1035,1059840,221541,0.9497,13.372,5.126,-0.002,3.85217,0.22617,0.00257,0.0178
1036,1060864,221741,0.925,13.03,5.155,-0.0024,4.6839,0.21532,0.00316,0.0256
1037,1061888,221932,0.9581,13.691,5.319,-0.00449,3.08793,0.20937,0.00387,0.0227
1038,1062912,222134,0.9356,13.144,5.109,-0.00434,4.70966,0.21478,0.00777,0.0349
1039,1063936,222333,0.9548,13.467,5.146,-0.00438,3.01866,0.21622,0.00333,0.04
1040,1064960,222533,0.925,12.985,5.11,-0.00458,5.213,0.21116,0.00254,0.0259
1041,1065984,222724,0.9476,13.545,5.33,-0.00265,3.24268,0.19893,0.00777,0.0208
1042,1067008,222939,0.9302,12.749,4.795,-0.00358,5.37306,0.19026,0.00279,0.0164
1043,1068032,223144,0.9707,13.556,4.995,-0.00073,2.48404,0.197,0.00218,0.0127
1044,1069056,223342,0.9343,13.182,5.167,-0.00317,4.65995,0.18856,0.00616,0.0364
1045,1070080,223548,0.9369,13.015,4.961,-0.00322,3.60703,0.2021,0.00215,0.0166
1046,1071104,223746,0.9444,13.343,5.177,-0.00506,4.03714,0.21119,0.00907,0.0239
1047,1072128,223944,0.9495,13.419,5.177,-0.00309,3.95779,0.19838,0.00481,0.0166
1048,1073152,224153,0.9809,13.608,4.895,-0.0018,1.71595,0.20396,0.00656,0.0251
1049,1074176,224351,0.9343,13.197,5.182,-0.00307,3.53375,0.21433,0.00297,0.0132
1050,1075200,224558,0.9227,12.778,4.937,-0.0028,4.3216,0.20057,0.00164,0.0183
1051,1076224,224760,0.9604,13.465,5.059,-0.00266,3.49793,0.19478,0.002,0.0205
1052,1077248,224957,0.9442,13.36,5.198,-0.00249,3.19195,0.21409,0.0019,0.0186
1053,1078272,225146,0.9524,13.714,5.429,-0.00211,3.11344,0.20618,0.00373,0.0144
1054,1079296,225338,0.9323,13.323,5.339,-0.00181,3.99537,0.19908,0.00242,0.0278
1055,1080320,225523,0.9676,14.059,5.546,-0.00321,1.90156,0.22071,0.01032,0.0269
1056,1081344,225728,0.9707,13.537,4.976,-0.00343,2.81877,0.21035,0.0036,0.0225
1057,1082368,225928,0.935,13.16,5.135,-0.00535,3.4054,0.21433,0.00392,0.0356
1058,1083392,226127,0.9598,13.523,5.126,-0.00342,2.50616,0.21229,0.00251,0.019
1059,1084416,226334,0.913,12.657,4.961,-0.00352,4.29696,0.22536,0.00688,0.0337
1060,1085440,226540,0.9126,12.626,4.937,-0.00916,6.21515,0.21738,0.00432,0.0366
1061,1086464,226755,0.9395,12.893,4.8,-0.00857,4.15036,0.19871,0.00176,0.0303
1062,1087488,226946,0.9319,13.319,5.34,-0.00513,5.28994,0.2093,0.00214,0.0278
1063,1088512,227162,0.9213,12.583,4.764,-0.0061,5.39526,0.20779,0.00209,0.0183
1064,1089536,227369,0.9275,12.855,4.942,-0.00738,5.32455,0.21232,0.00489,0.0339
1065,1090560,227567,0.9545,13.495,5.177,-0.00361,2.88729,0.21068,0.00093,0.0164
1066,1091584,227767,0.95,13.365,5.115,-0.00291,2.74533,0.21358,0.00372,0.0161
1067,1092608,227962,0.9538,13.533,5.226,-0.00498,3.03936,0.20714,0.00264,0.0215
1068,1093632,228158,0.9337,13.26,5.255,-0.00409,3.4808,0.1949,0.00422,0.0095
1069,1094656,228349,0.9476,13.56,5.346,-0.00496,3.5103,0.17229,0.00392,0.0222
1070,1095680,228548,0.9698,13.678,5.131,-0.00284,2.59714,0.1722,0.00499,0.0164
1071,1096704,228742,0.9433,13.443,5.294,-0.00171,3.36264,0.18261,0.00259,0.012
1072,1097728,228952,0.9381,12.929,4.857,-0.00133,3.38916,0.17472,0.00287,0.0117
1073,1098752,229147,0.9641,13.682,5.221,-0.00232,2.3337,0.17936,0.00224,0.0234
1074,1099776,229346,0.9196,13.005,5.211,-0.00207,3.46469,0.17735,0.00598,0.0151
1075,1100800,229548,0.9455,13.248,5.064,-0.00527,4.3141,0.17255,0.00161,0.019
1076,1101824,229749,0.9453,13.279,5.1,-0.00249,3.73826,0.1779,0.00131,0.0281
1077,1102848,229956,0.9469,13.121,4.918,-0.00476,3.86495,0.20539,0.00439,0.0381
1078,1103872,230150,0.9536,13.577,5.273,-0.0016,3.03393,0.17847,0.0016,0.0122
1079,1104896,230352,0.9455,13.272,5.089,-0.00239,2.56734,0.18675,0.00523,0.0254
1080,1105920,230551,0.9347,13.176,5.156,-0.0026,4.11862,0.19034,0.00188,0.0125
1081,1106944,230768,0.9217,12.539,4.714,-0.00256,5.24006,0.18844,0.00277,0.0098
1082,1107968,230961,0.9637,13.762,5.306,-0.00096,2.31006,0.1946,0.00448,0.0132
1083,1108992,231151,0.9421,13.521,5.389,-0.00388,3.38672,0.19092,0.00081,0.0125
1084,1110016,231337,0.9785,14.167,5.489,-0.00259,1.88635,0.17997,0.00632,0.0227
1085,1111040,231529,0.9375,13.422,5.359,-0.00598,3.3422,0.18837,0.00398,0.0356
1086,1112064,231723,0.9485,13.479,5.253,-0.00193,3.22551,0.19677,0.00304,0.0159
1087,1113088,231918,0.9538,13.569,5.262,-0.0012,2.8043,0.19095,0.00145,0.0112
1088,1114112,232118,0.95,13.37,5.12,-0.00194,3.04053,0.18076,0.00149,0.019
1089,1115136,232317,0.9397,13.251,5.156,-0.00504,3.9147,0.20123,0.01451,0.0315
1090,1116160,232523,0.9612,13.374,4.956,-0.00406,2.85382,0.20819,0.00768,0.0286
1091,1117184,232723,0.92,12.94,5.14,-0.00305,5.03779,0.21563,0.00623,0.0117
1092,1118208,232919,0.9439,13.378,5.219,-0.00536,4.21813,0.22127,0.00609,0.0396
1093,1119232,233117,0.9242,13.02,5.157,-0.00333,3.66279,0.19602,0.0035,0.0205
1094,1120256,233310,0.9326,13.306,5.316,-0.00464,3.34648,0.22611,0.00932,0.0259
1095,1121280,233512,0.9208,12.871,5.059,-0.00437,3.67396,0.22134,0.00143,0.0408
1096,1122304,233703,0.9634,13.827,5.377,-0.00226,3.48755,0.23905,0.00224,0.0364
1097,1123328,233897,0.9381,13.345,5.273,-0.00273,4.04005,0.22489,0.00295,0.0129
1098,1124352,234079,0.9396,13.692,5.599,-0.00484,4.25946,0.21836,0.00467,0.0249
1099,1125376,234292,0.9577,13.197,4.831,-0.00738,3.49264,0.21944,0.00163,0.0327
1100,1126400,234499,0.8986,12.435,4.957,-0.00563,5.45242,0.2032,0.00191,0.0203
1101,1127424,234702,0.9212,12.852,5.034,-0.00346,5.17519,0.19719,0.00382,0.0166
1102,1128448,234901,0.9246,13.025,5.156,-0.00032,3.83432,0.22053,0.00048,0.0007
1103,1129472,235095,0.9485,13.505,5.278,-0.00312,3.65163,0.21128,0.00226,0.0256
1104,1130496,235284,0.9206,13.201,5.392,-0.00353,3.09924,0.21442,0.004,0.0142
1105,1131520,235469,0.9514,13.822,5.551,-0.00331,3.51079,0.20845,0.00319,0.0186
1106,1132544,235663,0.933,13.268,5.273,-0.0026,4.74009,0.21287,0.00186,0.0237
1107,1133568,235875,0.967,13.34,4.835,-0.00325,2.66286,0.22803,0.00518,0.0312
1108,1134592,236064,0.9259,13.312,5.423,-0.00477,5.15064,0.21805,0.00918,0.0354
1109,1135616,236262,0.9394,13.258,5.167,-0.00448,4.17238,0.23435,0.00276,0.0356
1110,1136640,236465,0.931,13.01,5.044,-0.00393,3.7998,0.22831,0.00115,0.0159
1111,1137664,236662,0.9391,13.294,5.208,-0.00293,3.01601,0.20534,0.00431,0.0166
1112,1138688,236858,0.898,12.694,5.224,-0.00412,5.69845,0.20294,0.00089,0.021
1113,1139712,237061,0.9507,13.296,5.034,-0.0045,2.86145,0.20222,0.00719,0.0161
1114,1140736,237250,0.9471,13.608,5.402,-0.00255,3.16987,0.19101,0.00304,0.0144
1115,1141760,237457,0.9227,12.802,4.961,-0.00171,4.23697,0.18672,0.00095,0.0073
1116,1142784,237655,0.9343,13.187,5.172,-0.00287,4.812,0.17655,0.00115,0.0098
1117,1143808,237866,0.9621,13.289,4.858,-0.00056,2.87112,0.17404,0.00245,0.0042
1118,1144832,238058,0.9531,13.635,5.339,-0.0025,2.87843,0.18189,0.0023,0.0208
1119,1145856,238256,0.9596,13.556,5.162,-0.00558,3.17717,0.19329,0.00316,0.0295
1120,1146880,238465,0.933,12.904,4.909,-0.002,4.05192,0.21602,0.00374,0.0195
1121,1147904,238660,0.9385,13.323,5.246,-0.00456,3.32283,0.19035,0.00334,0.0168
1122,1148928,238854,0.9845,14.046,5.278,-0.00266,1.7353,0.17571,0.00313,0.0127
1123,1149952,239051,0.9239,13.03,5.173,-0.00201,4.65233,0.17396,0.00065,0.0127
1124,1150976,239245,0.9381,13.366,5.294,-0.00341,3.33074,0.17969,0.00136,0.0186
1125,1152000,239441,0.9388,13.316,5.235,-0.00296,4.49929,0.18936,0.0034,0.019
1126,1153024,239637,0.9592,13.597,5.209,-0.00499,2.78075,0.19801,0.0087,0.0291
1127,1154048,239833,0.9541,13.546,5.235,-0.00032,2.90884,0.19537,0.00124,0.0107
1128,1155072,240035,0.9307,13.02,5.059,-0.00223,4.005,0.20185,0.00295,0.0137
1129,1156096,240234,0.9447,13.332,5.161,-0.005,3.91785,0.19865,0.00359,0.0327
1130,1157120,240423,0.9471,13.63,5.423,-0.00205,3.01819,0.20659,0.0013,0.0151
1131,1158144,240620,0.9645,13.645,5.178,-0.00098,2.65305,0.21209,0.00322,0.0188
1132,1159168,240827,0.9565,13.314,4.966,-0.00155,3.21298,0.17789,0.00111,0.0081
1133,1160192,241023,0.9439,13.378,5.219,-0.0046,4.12603,0.21043,0.01117,0.0364
1134,1161216,241222,0.9296,13.09,5.146,-0.00169,3.47843,0.19733,0.00238,0.0125
1135,1162240,241406,0.9511,13.826,5.56,-0.00679,3.98697,0.20617,0.00262,0.031
1136,1163264,241613,0.9469,13.159,4.957,-0.00594,4.2686,0.18157,0.00186,0.0134
1137,1164288,241811,0.9394,13.253,5.162,-0.00235,3.51799,0.20972,0.00297,0.011
1138,1165312,242020,0.9569,13.244,4.89,-0.00302,3.18927,0.19986,0.00205,0.0273
1139,1166336,242225,0.9561,13.317,4.976,-0.00331,3.24455,0.18025,0.00383,0.0337
1140,1167360,242413,0.9362,13.484,5.441,-0.00367,4.17949,0.19509,0.01094,0.0286
1141,1168384,242611,0.9242,13.061,5.197,-0.00442,4.51117,0.17718,0.0033,0.0176
1142,1169408,242801,0.9316,13.374,5.4,-0.00186,4.03913,0.17834,0.00131,0.0071
1143,1170432,242993,0.9531,13.635,5.339,-0.00135,2.74992,0.16252,0.00107,0.012
1144,1171456,243202,0.9522,13.182,4.9,-0.00281,2.56858,0.16597,0.0029,0.0103
1145,1172480,243390,0.9468,13.649,5.447,-0.00304,3.59982,0.14914,0.00046,0.0107
1146,1173504,243580,0.9526,13.653,5.363,-0.00508,3.64163,0.1665,0.00828,0.0283
1147,1174528,243783,0.9458,13.232,5.044,-0.00198,3.38262,0.1546,0.00247,0.009
1148,1175552,243979,0.9694,13.791,5.25,-0.00205,2.43482,0.1832,0.00146,0.011
1149,1176576,244176,0.9543,13.513,5.198,-0.00261,2.62006,0.17372,0.00482,0.0181
1150,1177600,244371,0.9641,13.708,5.246,-0.00433,3.11468,0.16984,0.0017,0.01
1151,1178624,244575,0.9461,13.216,5.025,-0.0028,3.6487,0.16685,0.00219,0.0144
1152,1179648,244783,0.9471,13.125,4.918,-0.00214,2.66003,0.16003,0.00116,0.0049
1153,1180672,244977,0.9691,13.825,5.289,-0.00432,2.93082,0.17672,0.00482,0.0164
1154,1181696,245178,0.9602,13.493,5.09,-0.00209,2.7923,0.17998,0.00107,0.0151
1155,1182720,245377,0.9397,13.216,5.121,-0.00304,3.25481,0.17825,0.00122,0.0205
1156,1183744,245585,0.9808,13.644,4.933,-0.00228,1.52679,0.18069,0.00454,0.0188
1157,1184768,245792,0.9614,13.377,4.957,-0.0008,2.33461,0.18628,0.00127,0.0112
1158,1185792,245990,0.9343,13.192,5.177,-0.00193,4.19405,0.19117,0.00219,0.0115
1159,1186816,246176,0.9677,14.022,5.505,-0.0026,2.08032,0.18194,0.00553,0.0173
1160,1187840,246368,0.9375,13.396,5.333,-0.0017,2.98888,0.18851,0.0045,0.0125
1161,1188864,246567,0.9397,13.236,5.141,-0.00293,3.68922,0.19556,0.00387,0.0144
1162,1189888,246772,0.9317,12.951,4.976,-0.00152,3.03777,0.19516,0.00272,0.0125
1163,1190912,246955,0.9508,13.891,5.628,-0.00635,3.80318,0.21199,0.00616,0.0193
1164,1191936,247145,0.9632,13.795,5.347,-0.00114,2.63526,0.21035,0.00187,0.0203
1165,1192960,247339,0.9536,13.593,5.289,-0.00876,3.39866,0.20968,0.00499,0.0488
1166,1193984,247542,0.9409,13.187,5.074,-0.00427,4.13465,0.20589,0.00154,0.0161
1167,1195008,247739,0.9391,13.274,5.188,-0.00499,4.60125,0.20593,0.00838,0.0278
1168,1196032,247948,0.933,12.904,4.909,-0.00371,4.47114,0.19396,0.00471,0.0283
1169,1197056,248138,0.9684,13.9,5.374,-0.00213,2.71572,0.19959,0.00451,0.0234
1170,1198080,248348,0.9381,12.943,4.871,-0.00258,3.60528,0.18913,0.00123,0.0212
1171,1199104,248551,0.9507,13.291,5.03,-0.00233,3.02232,0.20349,0.00137,0.0115
1172,1200128,248743,0.9531,13.646,5.349,-0.00134,2.62461,0.19225,0.00321,0.0193
1173,1201152,248945,0.9406,13.173,5.064,-0.00373,3.76802,0.19114,0.00186,0.0149
1174,1202176,249131,0.9516,13.769,5.495,-0.00063,2.39105,0.19458,0.0015,0.0073
1175,1203200,249336,0.9707,13.571,5.01,-0.00324,2.24336,0.19394,0.00294,0.0176
1176,1204224,249534,0.9394,13.263,5.172,-0.00123,3.9742,0.22954,0.00178,0.0056
1177,1205248,249738,0.9118,12.716,5.039,-0.00638,5.32053,0.21379,0.00557,0.0247
1178,1206272,249946,0.9231,12.76,4.913,-0.00306,4.17467,0.20674,0.00189,0.0125
1179,1207296,250150,0.9461,13.196,5.005,-0.0041,3.65536,0.20233,0.00386,0.0225
1180,1208320,250338,0.9574,13.809,5.447,-0.00261,3.47774,0.20508,0.00494,0.0159
1181,1209344,250528,0.9211,13.216,5.4,-0.00279,4.03439,0.20841,0.00041,0.0059
1182,1210368,250730,0.9554,13.406,5.074,-0.00143,2.79565,0.1861,0.00309,0.0051
1183,1211392,250933,0.9409,13.118,5.005,-0.00299,4.26744,0.20181,0.00183,0.0142
1184,1212416,251127,0.9381,13.371,5.299,-0.00366,3.5661,0.21507,0.00463,0.0215
1185,1213440,251336,0.9378,12.995,4.928,-0.00357,4.6,0.2292,0.00295,0.0144
1186,1214464,251528,0.9427,13.458,5.318,-0.00853,4.16552,0.21674,0.01022,0.0554
1187,1215488,251735,0.9469,13.159,4.957,-0.00351,3.71339,0.19905,0.00249,0.0151
1188,1216512,251939,0.9461,13.206,5.015,-0.00526,3.99384,0.19718,0.00531,0.0264
1189,1217536,252129,0.9474,13.611,5.4,-0.0038,3.53151,0.19142,0.00239,0.0103
1190,1218560,252324,0.9692,13.79,5.251,-0.00497,3.43406,0.1745,0.00334,0.0103
1191,1219584,252528,0.9265,12.912,5.015,-0.00246,4.99115,0.17394,0.00127,0.0144
1192,1220608,252741,0.9343,12.822,4.808,-0.00203,3.4142,0.16482,0.00174,0.0093
1193,1221632,252950,0.9569,13.244,4.89,-0.00274,3.16423,0.17997,0.00416,0.0115
1194,1222656,253146,0.9133,12.939,5.24,-0.00159,5.26617,0.18662,0.00182,0.0203
1195,1223680,253355,0.9282,12.813,4.89,-0.00206,4.68109,0.16942,0.00123,0.0098
1196,1224704,253559,0.9657,13.5,5.015,-0.00291,2.90811,0.1792,0.00138,0.0056
1197,1225728,253771,0.9717,13.415,4.84,-0.00089,1.98324,0.17851,0.00192,0.0073
1198,1226752,253966,0.9282,13.174,5.251,-0.0033,4.74174,0.18341,0.00234,0.0142
1199,1227776,254165,0.9347,13.171,5.151,-0.00249,4.06455,0.19419,0.00168,0.0171
1200,1228800,254365,0.94,13.165,5.065,-0.00335,4.68196,0.18902,0.00127,0.0149
1201,1229824,254564,0.9497,13.427,5.181,-0.00258,4.10329,0.20562,0.00222,0.011
1202,1230848,254758,0.9381,13.371,5.299,-0.00344,2.82844,0.20084,0.00308,0.0215
1203,1231872,254948,0.9263,13.268,5.374,-0.00446,3.96146,0.21205,0.00296,0.0222
1204,1232896,255152,0.9363,13.034,4.99,-0.00406,4.1556,0.20739,0.00414,0.0195
1205,1233920,255344,0.9219,13.188,5.359,-0.00429,4.60818,0.20608,0.00168,0.0154
1206,1234944,255544,0.955,13.465,5.14,-0.00405,3.58937,0.18756,0.00097,0.0098
1207,1235968,255729,0.9568,13.876,5.524,-0.00075,2.61015,0.19146,0.0019,0.0061
1208,1236992,255935,0.9563,13.291,4.947,-0.00321,3.05762,0.18008,0.00203,0.0132
1209,1238016,256135,0.945,13.305,5.13,-0.00287,3.16609,0.18114,0.00317,0.0154
1210,1239040,256344,0.9426,13.057,4.919,-0.00571,4.16054,0.18891,0.00305,0.0215
1211,1240064,256549,0.9756,13.629,4.995,-0.00074,2.08158,0.19272,0.00044,0.0032
1212,1241088,256760,0.9479,13.071,4.853,-0.00034,3.96099,0.17992,0.00212,0.012
1213,1242112,256952,0.9271,13.234,5.328,-0.0047,4.24649,0.20718,0.00492,0.0244
1214,1243136,257150,0.9545,13.465,5.146,-0.00521,4.14701,0.20692,0.00484,0.0183
1215,1244160,257354,0.9608,13.441,5.029,-0.0065,2.83003,0.19405,0.00385,0.0232
1216,1245184,257553,0.9648,13.638,5.166,-0.00231,2.22015,0.18988,0.0028,0.02
1217,1246208,257748,0.959,13.636,5.251,-0.00101,2.83419,0.18923,0.002,0.0093
1218,1247232,257952,0.9216,12.843,5.02,-0.00216,5.05541,0.19413,0.00073,0.0054
1219,1248256,258143,0.9476,13.565,5.351,-0.00222,3.36488,0.18926,0.00216,0.0068
1220,1249280,258335,0.9531,13.609,5.312,-0.0051,3.9971,0.18809,0.00618,0.0181
1221,1250304,258525,0.9211,13.221,5.405,-0.00661,5.72343,0.19147,0.00489,0.0273
1222,1251328,258716,0.9267,13.283,5.382,-0.00117,3.65281,0.19918,0.001,0.0029
1223,1252352,258910,0.9536,13.557,5.253,-0.00348,2.80209,0.16873,0.00242,0.0164
1224,1253376,259118,0.9375,12.99,4.928,-0.00345,4.34497,0.18866,0.00187,0.0098
1225,1254400,259304,0.9462,13.72,5.527,-0.002,3.78082,0.1903,0.0024,0.0059
1226,1255424,259513,0.9569,13.244,4.89,-0.00164,3.20643,0.16292,0.00084,0.0034
1227,1256448,259713,0.955,13.43,5.105,-0.00053,2.40482,0.17713,0.00026,0.0029
1228,1257472,259906,0.943,13.466,5.321,-0.00122,3.46153,0.18696,0.0022,0.0134
1229,1258496,260106,0.945,13.3,5.125,-0.00296,4.23778,0.18874,0.00166,0.0098
1230,1259520,260298,0.9531,13.635,5.339,-0.00124,3.0411,0.17596,0.00094,0.0039
1231,1260544,260508,0.9238,12.714,4.857,-0.00117,4.4042,0.18056,0.00302,0.01
1232,1261568,260707,0.9497,13.402,5.156,-0.00066,2.5928,0.1702,0.00309,0.0049
1233,1262592,260908,0.9552,13.423,5.095,-0.0048,3.80908,0.17824,0.0059,0.0293
1234,1263616,261100,0.9427,13.484,5.344,-0.00199,3.72173,0.1795,0.00104,0.0066
1235,1264640,261285,0.9514,13.795,5.524,-0.00282,3.21009,0.18762,0.00384,0.0125
1236,1265664,261483,0.9545,13.5,5.182,-0.00223,3.27958,0.17311,0.0013,0.0103
1237,1266688,261680,0.9695,13.731,5.188,-0.0014,2.72335,0.17945,0.00099,0.009
1238,1267712,261888,0.9519,13.202,4.923,-0.00301,3.52437,0.18251,0.00231,0.0078
1239,1268736,262078,0.9526,13.674,5.384,-0.00144,3.27352,0.1978,0.00118,0.009
1240,1269760,262277,0.9447,13.322,5.151,-0.0006,3.23503,0.18316,0.00143,0.0078
1241,1270784,262470,0.9585,13.694,5.316,-0.00317,2.98311,0.18752,0.00191,0.0134
1242,1271808,262670,0.96,13.5,5.1,-0.00211,2.35818,0.18519,0.0016,0.0112
1243,1272832,262871,0.9453,13.264,5.085,-0.00506,3.58332,0.19172,0.00541,0.0203
1244,1273856,263072,0.9204,12.925,5.119,-0.00509,4.7978,0.18897,0.00386,0.0139
1245,1274880,263278,0.966,13.456,4.966,-0.00411,2.86754,0.18143,0.00059,0.0063
1246,1275904,263475,0.9594,13.584,5.193,-0.00202,2.73864,0.17947,0.00131,0.0066
1247,1276928,263679,0.951,13.279,5.015,-0.00146,2.8304,0.17181,0.00124,0.0051
1248,1277952,263880,0.9502,13.348,5.095,-0.00369,3.81752,0.16755,0.00233,0.0085
1249,1278976,264085,0.9171,12.761,5.005,-0.0008,4.34344,0.16914,0.00158,0.0046
1250,1280000,264284,0.9296,13.07,5.126,-0.00074,4.17233,0.175,0.00042,0.0049
1251,1281024,264492,0.9519,13.226,4.947,-0.00148,3.4471,0.16932,0.00085,0.0056
1252,1282048,264686,0.9433,13.407,5.258,-0.00217,3.67326,0.18858,0.00128,0.0093
1253,1283072,264897,0.9479,13.057,4.839,-0.00301,3.32599,0.18574,0.00164,0.0195
1254,1284096,265104,0.942,13.092,4.961,-0.00298,4.01026,0.17343,0.00055,0.0061
1255,1285120,265296,0.9323,13.333,5.349,-0.00344,4.25891,0.17269,0.00228,0.012
1256,1286144,265485,0.9735,14.026,5.423,-0.00222,2.02426,0.16386,0.00109,0.0107
1257,1287168,265694,0.9426,13.038,4.9,-0.00448,4.07654,0.18948,0.00251,0.011
1258,1288192,265892,0.9444,13.333,5.167,-0.00016,3.42792,0.16379,0.00068,0.0039
1259,1289216,266095,0.9409,13.167,5.054,-0.00154,3.0625,0.18905,0.00105,0.0042
1260,1290240,266295,0.94,13.205,5.105,-0.00375,3.80651,0.18548,0.00319,0.0125
1261,1291264,266487,0.9531,13.635,5.339,-0.00316,4.10605,0.18499,0.00177,0.0137
1262,1292288,266689,0.9208,12.886,5.074,-0.005,5.53868,0.19857,0.00138,0.0115
1263,1293312,266885,0.9541,13.526,5.214,-0.00301,3.02891,0.19219,0.0022,0.0112
1264,1294336,267079,0.9742,13.876,5.263,-0.00157,2.29572,0.18624,0.00276,0.0122
1265,1295360,267297,0.9495,12.959,4.716,-0.00286,3.85078,0.1889,0.00195,0.0044
1266,1296384,267497,0.945,13.28,5.105,-0.00148,4.01738,0.19599,0.0004,0.0017
1267,1297408,267690,0.9378,13.389,5.321,-0.00113,3.0817,0.18856,0.00235,0.01
1268,1298432,267893,0.9754,13.655,5.025,-0.00457,1.96443,0.19849,0.00307,0.0159
1269,1299456,268094,0.9353,13.124,5.095,-0.00018,3.52236,0.19248,0.00074,0.0012
1270,1300480,268296,0.9356,13.129,5.094,-0.00647,3.51907,0.19569,0.00489,0.0195
1271,1301504,268482,0.9247,13.366,5.495,-0.00197,4.00145,0.18834,0.00092,0.0071
1272,1302528,268684,0.9257,12.965,5.079,-0.00199,5.0971,0.19809,0.00027,0.0076
1273,1303552,268882,0.9293,13.106,5.167,-0.00326,4.19951,0.17895,0.00132,0.0049
1274,1304576,269094,0.934,12.792,4.783,-0.00312,4.2204,0.17303,0.00133,0.0085
1275,1305600,269284,0.9474,13.653,5.442,-0.00162,3.71066,0.1913,0.00042,0.002
1276,1306624,269481,0.9594,13.599,5.208,-0.00334,2.44948,0.1869,0.00213,0.0137
1277,1307648,269684,0.9557,13.374,5.039,-0.00094,2.60732,0.17536,0.00141,0.0083
1278,1308672,269882,0.9697,13.717,5.172,-0.00064,2.0768,0.18152,0.00205,0.0054
1279,1309696,270082,0.955,13.45,5.125,-0.00145,3.10725,0.1805,0.00072,0.0024
1280,1310720,270274,0.9219,13.13,5.302,-0.00472,5.39736,0.16688,0.00153,0.0076
1281,1311744,270473,0.9347,13.196,5.176,-0.00201,3.33019,0.17178,0.00083,0.0083
1282,1312768,270668,0.9436,13.374,5.221,-0.00241,4.19253,0.18983,0.00099,0.0076
1283,1313792,270872,0.9412,13.142,5.025,-0.00313,3.82489,0.18164,0.00081,0.0076
1284,1314816,271071,0.9548,13.482,5.161,-0.00194,2.76439,0.17716,0.00246,0.0059
1285,1315840,271256,0.9514,13.811,5.541,-0.00147,1.81821,0.17127,0.00153,0.01
1286,1316864,271454,0.9293,13.106,5.167,-0.00168,3.66885,0.17,0.00089,0.0046
1287,1317888,271657,0.9606,13.463,5.054,-0.00256,3.14294,0.16269,0.00122,0.0063
1288,1318912,271844,0.9305,13.396,5.439,-0.00391,4.53205,0.18504,0.00317,0.0115
1289,1319936,272043,0.9548,13.472,5.151,-0.00271,3.42644,0.18047,0.00086,0.0073
1290,1320960,272245,0.9356,13.124,5.089,-0.00121,3.6416,0.17146,0.00027,0.0029
1291,1321984,272438,0.9534,13.617,5.316,-0.0027,3.82194,0.16108,0.00115,0.0056
1292,1323008,272630,0.9323,13.307,5.323,-0.00125,4.06951,0.1758,0.0007,0.0017
1293,1324032,272825,0.959,13.646,5.262,-0.00108,2.74921,0.16654,0.00047,0.0027
1294,1325056,273010,0.9459,13.697,5.508,-0.00137,2.96288,0.16884,0.00047,0.002
1295,1326080,273207,0.9594,13.599,5.208,-0.00044,3.02474,0.16329,0.00073,0.0007
1296,1327104,273406,0.9497,13.402,5.156,-0.00165,3.01079,0.16052,0.00099,0.0066
1297,1328128,273583,0.9492,14.0,5.763,-0.0018,3.42275,0.16903,0.00177,0.0098
1298,1329152,273781,0.9495,13.434,5.192,-0.00077,2.97048,0.1691,0.00026,0.0027
1299,1330176,273979,0.9596,13.54,5.146,-0.00309,3.25514,0.17034,0.00037,0.0039
1300,1331200,274181,0.9455,13.262,5.079,-0.00148,4.24367,0.15753,0.0003,0.002
1301,1332224,274374,0.9326,13.301,5.311,-0.00132,3.93764,0.16402,0.00069,0.0034
1302,1333248,274573,0.9648,13.613,5.141,-0.00288,2.87131,0.14594,7e-05,0.0027
1303,1334272,274768,0.9436,13.426,5.272,-0.00015,2.88643,0.15543,0.00016,0.0
1304,1335296,274968,0.94,13.2,5.1,-0.00105,4.00898,0.16527,0.00115,0.0037
1305,1336320,275161,0.9534,13.601,5.301,-0.00166,2.85351,0.17047,0.00045,0.0022
1306,1337344,275365,0.9608,13.446,5.034,-0.00163,2.5292,0.17101,0.00111,0.0098
1307,1338368,275555,0.9368,13.453,5.4,-0.00425,4.34687,0.17946,0.00141,0.0076
1308,1339392,275759,0.9461,13.162,4.971,-0.00268,3.78355,0.18187,0.00157,0.0059
1309,1340416,275976,0.9309,12.696,4.733,-0.00327,4.26753,0.18006,0.00652,0.0117
1310,1341440,276180,0.9216,12.877,5.054,-0.00281,5.18457,0.20032,0.00162,0.0083
1311,1342464,276367,0.9465,13.663,5.465,-0.00111,3.2849,0.19869,0.00075,0.0012
1312,1343488,276564,0.9442,13.355,5.193,-0.00042,2.94579,0.19051,0.00085,0.0032
1313,1344512,276760,0.9592,13.628,5.24,-0.00209,2.76533,0.1963,0.00132,0.0029
1314,1345536,276956,0.9439,13.357,5.199,-0.00236,3.69827,0.19567,0.00147,0.0085
1315,1346560,277163,0.9469,13.174,4.971,-0.00017,3.04606,0.19238,0.00021,0.0002
1316,1347584,277340,0.9718,14.328,5.751,-0.00253,2.36718,0.19634,0.0012,0.0071
1317,1348608,277546,0.9417,13.126,5.0,-0.00179,4.51275,0.19542,0.0002,0.0022
1318,1349632,277745,0.9497,13.377,5.131,-0.00236,3.10942,0.19251,0.0014,0.0093
1319,1350656,277953,0.9423,13.067,4.933,-0.00203,3.39072,0.19622,0.00233,0.0059
1320,1351680,278168,0.9581,13.135,4.763,-0.0041,3.48089,0.18674,0.00194,0.0149
1321,1352704,278368,0.935,13.125,5.1,-0.00119,3.83453,0.19552,0.00088,0.002
1322,1353728,278567,0.9146,12.834,5.116,-0.00076,4.44111,0.19366,0.00024,0.0015
1323,1354752,278768,0.9204,12.93,5.124,-0.00548,4.04605,0.17867,0.00174,0.0139
1324,1355776,278963,0.9692,13.8,5.262,-0.0026,2.73195,0.17859,0.00035,0.0034
1325,1356800,279148,0.9514,13.811,5.541,-0.00183,2.61783,0.2072,0.00214,0.0083
1326,1357824,279344,0.9541,13.52,5.209,-0.00257,2.71664,0.19409,0.00115,0.0068
1327,1358848,279544,0.95,13.385,5.135,-0.00119,3.73745,0.19567,0.00116,0.0024
1328,1359872,279730,0.9677,14.022,5.505,-0.00088,2.16435,0.1803,0.00434,0.0066
1329,1360896,279925,0.9436,13.39,5.236,-0.00268,3.94917,0.17719,0.00058,0.0046
1330,1361920,280134,0.9378,12.981,4.914,-0.00019,3.53188,0.1716,0.00032,0.0024
1331,1362944,280338,0.951,13.289,5.025,-0.00387,3.44459,0.18284,0.00105,0.0054
1332,1363968,280542,0.9706,13.574,5.015,-0.00055,2.41018,0.17733,9e-05,0.0002
1333,1364992,280727,0.9838,14.297,5.541,-0.00059,1.61642,0.18796,0.00074,0.0007
1334,1366016,280912,0.9189,13.319,5.535,-0.00131,4.36836,0.20091,0.00149,0.0049
1335,1367040,281113,0.9502,13.348,5.095,-0.00453,3.5778,0.18655,0.00279,0.0083
1336,1368064,281310,0.9645,13.65,5.183,-0.00101,2.45919,0.18703,0.00078,0.0044
1337,1369088,281499,0.9577,13.772,5.407,-0.00152,2.62841,0.20121,0.00209,0.0083
1338,1370112,281696,0.9239,13.066,5.208,-0.00387,4.56694,0.20539,0.0028,0.0068
1339,1371136,281887,0.9529,13.665,5.372,-0.00162,2.77443,0.20615,0.00066,0.0037
1340,1372160,282098,0.9526,13.137,4.848,-0.00192,3.37996,0.19675,0.00022,0.001
1341,1373184,282293,0.9026,12.805,5.267,-0.00042,5.06052,0.20435,0.00022,0.001
1342,1374208,282488,0.9385,13.328,5.251,-0.00329,4.12319,0.19764,0.00126,0.0032
1343,1375232,282690,0.9307,12.99,5.03,-0.00349,3.96823,0.18263,0.00208,0.0054
1344,1376256,282890,0.925,13.005,5.13,-0.00089,4.90438,0.18857,0.00014,0.0007
1345,1377280,283079,0.9418,13.566,5.439,-0.00232,4.03616,0.19373,0.00049,0.0029
1346,1378304,283271,0.974,13.938,5.328,-0.00118,2.08425,0.20169,0.00231,0.0044
1347,1379328,283469,0.9444,13.343,5.177,-0.00355,4.34797,0.17153,0.00092,0.0039
1348,1380352,283669,0.96,13.53,5.13,-0.00133,2.89581,0.18767,0.00068,0.001
1349,1381376,283878,0.9282,12.804,4.88,-0.00059,3.57263,0.17542,0.00057,0.0012
1350,1382400,284062,0.9348,13.592,5.571,-0.00326,4.2522,0.20124,0.00066,0.0042
1351,1383424,284250,0.9415,13.58,5.457,-0.00087,3.38177,0.1924,0.00036,0.0024
1352,1384448,284454,0.9412,13.123,5.005,-0.00116,4.24699,0.18688,0.00072,0.0005
1353,1385472,284657,0.9557,13.399,5.064,-0.00076,2.59937,0.21277,0.00028,0.0
1354,1386496,284859,0.9505,13.327,5.069,-0.00146,2.77593,0.19452,0.00078,0.0046
1355,1387520,285066,0.9324,12.889,4.903,-0.00171,3.9576,0.18048,0.00023,0.001
1356,1388544,285262,0.9337,13.25,5.245,-0.00142,3.35843,0.18779,0.00061,0.0027
1357,1389568,285446,0.9457,13.777,5.592,-0.00217,3.72218,0.1854,0.00048,0.001
1358,1390592,285655,0.9426,13.033,4.895,-0.00017,3.15228,0.18604,0.00068,0.0005
1359,1391616,285844,0.9365,13.471,5.423,-0.00134,4.2503,0.1938,0.00023,0.0005
1360,1392640,286036,0.9427,13.464,5.323,-0.00204,3.46152,0.19274,0.00168,0.0037
1361,1393664,286227,0.9424,13.503,5.366,-0.00056,3.40326,0.18582,0.00042,0.0007
1362,1394688,286414,0.9305,13.422,5.465,-0.00152,4.42248,0.20183,0.00058,0.0037
1363,1395712,286609,0.959,13.615,5.231,-0.0034,3.22833,0.2073,0.00245,0.0083
1364,1396736,286801,0.9583,13.734,5.359,-0.00071,2.034,0.18479,0.00048,0.0017
1365,1397760,286981,0.9278,13.6,5.683,-0.00223,4.61668,0.20503,0.0001,0.0015
1366,1398784,287177,0.949,13.413,5.179,-0.00232,4.00533,0.2028,0.00025,0.0024
1367,1399808,287375,0.9495,13.449,5.207,-0.00255,2.94603,0.20484,0.00056,0.0024
1368,1400832,287563,0.9309,13.426,5.463,-0.00333,4.33196,0.18984,0.00135,0.0056
1369,1401856,287769,0.9515,13.248,4.976,-0.00093,2.80049,0.1879,0.00037,0.0012
1370,1402880,287972,0.9655,13.532,5.049,-0.00079,1.80822,0.18567,0.00078,0.0029
1371,1403904,288163,0.9529,13.644,5.351,-0.00306,3.08489,0.19253,0.00066,0.0037
1372,1404928,288360,0.9645,13.66,5.193,-0.0013,2.61534,0.18722,0.00011,0.0012
1373,1405952,288555,0.9436,13.421,5.267,-0.00096,3.7432,0.19131,0.00169,0.0042
1374,1406976,288762,0.9517,13.198,4.923,-0.0029,3.61242,0.18019,0.00073,0.0046
1375,1408000,288949,0.9679,14.011,5.492,-0.00262,2.18237,0.20762,0.00089,0.0044
1376,1409024,289149,0.94,13.22,5.12,-0.00316,4.0816,0.19389,0.00123,0.0078
1377,1410048,289335,0.9462,13.71,5.516,-0.00024,2.85911,0.19997,0.00042,0.0007
1378,1411072,289538,0.9458,13.212,5.025,-0.00119,4.11434,0.18222,0.00042,0.001
1379,1412096,289733,0.9487,13.487,5.256,-0.00064,3.67054,0.19345,0.00071,0.001
1380,1413120,289925,0.9479,13.557,5.339,-0.00127,3.13675,0.20078,0.00038,0.0005
1381,1414144,290116,0.9476,13.565,5.351,-0.00063,2.1332,0.19629,0.0001,0.001
1382,1415168,290300,0.962,14.0,5.571,-0.0044,2.9076,0.18809,0.00104,0.0034
1383,1416192,290493,0.9534,13.617,5.316,-0.00034,3.3458,0.18828,0.00032,0.0
1384,1417216,290687,0.9485,13.49,5.263,-0.00189,2.88828,0.19786,0.00031,0.0007
1385,1418240,290877,0.9526,13.695,5.405,-0.00115,3.61793,0.18639,0.00018,0.001
1386,1419264,291065,0.9309,13.394,5.431,-0.00254,4.32711,0.19102,0.00047,0.0015
1387,1420288,291271,0.9563,13.335,4.99,-0.00157,2.84538,0.19985,0.00092,0.0007
1388,1421312,291484,0.9577,13.169,4.803,-0.00084,3.08265,0.18663,0.00052,0.0
1389,1422336,291682,0.9545,13.48,5.162,-0.00115,2.54719,0.19184,0.00025,0.001
1390,1423360,291889,0.9517,13.222,4.947,-0.00216,4.0465,0.21038,0.00022,0.0007
1391,1424384,292087,0.9646,13.626,5.157,-0.00248,2.38467,0.19965,0.00118,0.002
1392,1425408,292284,0.9442,13.376,5.213,-0.00126,3.03935,0.20686,0.00014,0.0007
1393,1426432,292473,0.9365,13.476,5.429,-0.0012,3.68985,0.23097,0.00023,0.0005
1394,1427456,292677,0.9461,13.211,5.02,-0.00015,3.64862,0.2181,0.00026,0.0005
1395,1428480,292873,0.9592,13.607,5.219,-0.00056,2.63309,0.22011,0.00057,0.0005
1396,1429504,293064,0.9529,13.634,5.34,-0.0016,3.29347,0.2222,0.00067,0.0005
1397,1430528,293256,0.9531,13.625,5.328,-0.00319,3.58,0.20751,0.00095,0.002
1398,1431552,293447,0.9686,13.921,5.393,-0.0037,3.25832,0.22546,0.00113,0.0032
1399,1432576,293646,0.9246,13.02,5.151,-0.00296,4.19014,0.19984,0.00125,0.0046
1400,1433600,293849,0.9261,12.911,5.02,-0.00342,5.27126,0.20111,0.0006,0.0012
1401,1434624,294056,0.9469,13.155,4.952,-0.00151,3.57622,0.19352,0.00031,0.0007
1402,1435648,294248,0.9323,13.307,5.323,-0.00199,5.09719,0.21517,0.00014,0.0012
1403,1436672,294435,0.9572,13.834,5.476,-0.0037,3.25651,0.20246,0.00043,0.0012
1404,1437696,294638,0.9507,13.315,5.054,-0.00432,3.68385,0.18274,0.00101,0.0029
1405,1438720,294845,0.9565,13.304,4.957,-0.00138,3.0492,0.17891,0.00025,0.0
1406,1439744,295046,0.9602,13.498,5.095,-0.00036,2.36848,0.18211,4e-05,0.0
1407,1440768,295225,0.9441,13.86,5.698,-0.00031,2.88111,0.19688,7e-05,0.0
1408,1441792,295429,0.9363,13.083,5.039,-0.00091,3.87996,0.18453,0.00019,0.0002
1409,1442816,295628,0.9648,13.578,5.106,-0.00128,2.74796,0.19197,0.00026,0.0005
1410,1443840,295828,0.925,13.025,5.15,-0.00074,4.96132,0.18242,7e-05,0.0005
1411,1444864,296030,0.9406,13.173,5.064,-0.0016,3.65634,0.19809,0.00036,0.0024
1412,1445888,296228,0.9444,13.348,5.182,-0.00011,3.72682,0.19563,0.00012,0.0
1413,1446912,296425,0.9492,13.452,5.213,-8e-05,3.60032,0.20095,6e-05,0.0
1414,1447936,296606,0.9282,13.564,5.641,-0.00068,3.71361,0.20644,0.00013,0.0
1415,1448960,296804,0.9495,13.419,5.177,-0.00175,2.7185,0.19878,0.00025,0.0005
1416,1449984,296991,0.9465,13.663,5.465,-0.00084,2.96598,0.19353,0.00016,0.0005
1417,1451008,297190,0.9497,13.382,5.136,-0.0001,3.26436,0.19237,2e-05,0.0
1418,1452032,297394,0.9657,13.515,5.029,-0.00101,2.48347,0.19795,0.00038,0.0
1419,1453056,297595,0.9552,13.433,5.104,-0.00135,2.46521,0.19581,0.00038,0.0002
1420,1454080,297774,0.9162,13.458,5.715,-0.00066,4.20464,0.20361,0.00015,0.0017
1421,1455104,297968,0.9742,13.897,5.284,-0.00154,2.44574,0.19618,0.00041,0.0002
1422,1456128,298169,0.9403,13.209,5.104,-0.00054,4.02615,0.19575,0.00027,0.0
1423,1457152,298370,0.9254,12.965,5.085,-0.00094,4.27945,0.19282,9e-05,0.0
1424,1458176,298553,0.9454,13.776,5.596,-0.0026,3.81872,0.19682,0.00036,0.001
1425,1459200,298749,0.9439,13.378,5.219,-0.00065,3.39254,0.18534,0.00012,0.0
1426,1460224,298945,0.9541,13.546,5.235,-0.001,2.86386,0.19033,0.00013,0.0
1427,1461248,299139,0.9072,12.887,5.278,-0.00053,4.76291,0.19083,5e-05,0.0
1428,1462272,299333,0.933,13.242,5.247,-0.00146,4.1421,0.20332,0.00038,0.0002
1429,1463296,299540,0.9372,13.0,4.942,-4e-05,3.95951,0.17827,1e-05,0.0
1430,1464320,299735,0.9641,13.744,5.282,-0.00053,3.28099,0.20093,5e-05,0.0
1431,1465344,299935,0.935,13.145,5.12,-0.00075,4.25131,0.19347,0.0001,0.0
1432,1466368,300127,0.9323,13.312,5.328,-0.00034,3.9323,0.19705,5e-05,0.0
1433,1467392,300321,0.9485,13.505,5.278,-0.00011,2.57355,0.19501,2e-05,0.0
1434,1468416,300517,0.949,13.474,5.24,-0.00016,2.81296,0.19602,2e-05,0.0
1435,1469440,300711,0.9536,13.557,5.253,-0.00091,3.62527,0.20688,5e-05,0.0002
1436,1470464,300911,0.945,13.32,5.145,-0.00103,3.1271,0.18093,7e-05,0.0
1437,1471488,301116,0.9171,12.732,4.976,-0.0002,4.74903,0.19019,5e-05,0.0
1438,1472512,301300,0.9457,13.766,5.582,-0.00036,2.69135,0.20956,3e-05,0.0
1439,1473536,301496,0.9439,13.372,5.214,-0.00142,3.35875,0.20165,0.00031,0.0
1440,1474560,301697,0.9602,13.512,5.109,-0.00142,3.51574,0.19013,0.00035,0.0002
1441,1475584,301875,0.927,13.635,5.73,-0.00038,3.83405,0.18719,0.0001,0.0
1442,1476608,302067,0.9167,13.089,5.339,-0.00066,5.27985,0.19807,0.00024,0.0
1443,1477632,302263,0.949,13.434,5.199,-0.00065,3.87944,0.20629,5e-05,0.0
1444,1478656,302469,0.9515,13.218,4.947,-0.00117,4.10932,0.18933,0.00011,0.0
1445,1479680,302683,0.9533,13.126,4.827,-0.0001,2.57041,0.18349,3e-05,0.0
1446,1480704,302884,0.9751,13.736,5.109,-0.00026,2.06523,0.19839,8e-05,0.0
1447,1481728,303074,0.9579,13.737,5.368,-0.0006,2.50659,0.19222,1e-05,0.0
1448,1482752,303272,0.9495,13.434,5.192,-0.00017,3.1286,0.20299,3e-05,0.0
1449,1483776,303478,0.9466,13.175,4.976,-0.00028,3.42262,0.18508,0.0,0.0
1450,1484800,303681,0.9458,13.227,5.039,-0.00041,3.26736,0.18107,1e-05,0.0
1451,1485824,303882,0.9403,13.199,5.095,-1e-05,3.50581,0.19338,1e-05,0.0
1452,1486848,304075,0.9585,13.679,5.301,-0.0004,2.87154,0.19352,1e-05,0.0
1453,1487872,304273,0.899,12.667,5.182,-0.00035,6.21578,0.20616,0.0,0.0
1454,1488896,304474,0.9502,13.338,5.085,-0.00052,3.84202,0.19501,4e-05,0.0
1455,1489920,304681,0.9372,13.014,4.957,-7e-05,2.68294,0.19004,1e-05,0.0
1456,1490944,304867,0.9624,13.941,5.505,-0.00011,2.58305,0.1927,0.0,0.0
1457,1491968,305063,0.9541,13.526,5.214,-0.00027,3.46301,0.19647,1e-05,0.0
1458,1492992,305248,0.9514,13.811,5.541,-0.00056,4.01,0.19776,0.0,0.0
1459,1494016,305456,0.9038,12.481,4.923,-4e-05,5.05374,0.18731,0.0,0.0
1460,1495040,305664,0.9567,13.245,4.894,-0.00029,2.95214,0.1862,1e-05,0.0
1461,1496064,305866,0.9505,13.361,5.104,-0.00012,2.79112,0.18745,0.0,0.0
1462,1497088,306061,0.959,13.631,5.246,-7e-05,2.95544,0.20249,0.0,0.0
1463,1498112,306258,0.9645,13.67,5.203,-3e-05,2.81924,0.19225,0.0,0.0
1464,1499136,306437,0.9385,13.782,5.704,-1e-05,2.67829,0.19334,0.0,0.0
